start_timestamp,end_timestamp,ASIN,purchased_marketplace,preferred_marketplace,device_family,device_serial_number,device_software_version,content_type,total_reading_millis,number_of_page_flips
2026-02-22T02:09:46Z,2026-02-22T02:15:28Z,6D216F6E29B947A8804B74EC2651AF00,,www.amazon.ca,Kindle E-reader,GN433X105136074M,4586210041,Personal Document,341800,16
2026-01-19T03:03:32Z,2026-01-19T03:06:25Z,076B6578B4384616B5880A1E8B7FFD1A,,www.amazon.ca,Kindle E-reader,GN433X105136074M,4586210041,Personal Document,173200,1
2026-01-03T02:39:56Z,2026-01-03T02:40:02Z,788C854093B54A26B6AF2F1930E887D2,,www.amazon.ca,Kindle E-reader,GN433X105136074M,4586210041,Personal Document,5800,1
2026-01-17T06:27:29Z,2026-01-17T06:38:13Z,847C8C95D06F4EC7A6E0439BA5EDA10C,,www.amazon.ca,Kindle E-reader,GN433X105136074M,4586210041,Personal Document,644700,2
2025-12-28T09:58:43Z,2025-12-28T09:58:50Z,89064185C5624DE4993C5079369DE20C,,www.amazon.ca,Kindle E-reader,GN433X105136074M,4586210041,Personal Document,7200,1
2026-02-12T05:06:40Z,2026-02-12T05:06:54Z,6D216F6E29B947A8804B74EC2651AF00,,www.amazon.ca,Kindle E-reader,GN433X105136074M,4586210041,Personal Document,13800,1
2026-01-20T08:06:32Z,2026-01-20T08:35:40Z,076B6578B4384616B5880A1E8B7FFD1A,,www.amazon.ca,Kindle E-reader,GN433X105136074M,4586210041,Personal Document,1748000,67
2026-02-17T07:43:24Z,2026-02-17T07:44:01Z,19B3E1A0C08D4F828A835CC0580C675E,,www.amazon.ca,Kindle E-reader,GN433X105136074M,4586210041,Personal Document,36100,2
2025-12-28T09:17:04Z,2025-12-28T09:17:18Z,89064185C5624DE4993C5079369DE20C,,www.amazon.ca,Kindle E-reader,GN433X105136074M,4586210041,Personal Document,13300,1
2025-12-29T10:55:59Z,2025-12-29T10:56:35Z,29073688D73B4C11AACA6D3D2351B60D,,www.amazon.ca,Kindle E-reader,GN433X105136074M,4586210041,Personal Document,36500,5
2025-12-31T09:14:22Z,2025-12-31T09:15:07Z,D5EFF15011854195B68281249C44311E,,www.amazon.ca,Kindle E-reader,GN433X105136074M,4586210041,Personal Document,44500,1
2026-01-18T23:38:24Z,2026-01-18T23:53:19Z,076B6578B4384616B5880A1E8B7FFD1A,,www.amazon.ca,Kindle E-reader,GN433X105136074M,4586210041,Personal Document,895600,55
2026-02-01T02:11:20Z,2026-02-01T02:29:03Z,1A09B927E0C74FABBDF6B99408596102,,www.amazon.ca,Kindle E-reader,GN433X105136074M,4586210041,Personal Document,1062700,89
2026-01-26T08:25:13Z,2026-01-26T08:27:24Z,076B6578B4384616B5880A1E8B7FFD1A,,www.amazon.ca,Kindle E-reader,GN433X105136074M,4586210041,Personal Document,131000,3
2026-02-22T02:16:32Z,2026-02-22T02:42:18Z,6D216F6E29B947A8804B74EC2651AF00,,www.amazon.ca,Kindle E-reader,GN433X105136074M,4586210041,Personal Document,1545700,34
2025-12-27T22:50:44Z,2025-12-27T22:50:51Z,9589E9ED671B4D09B1C63516FBBA6C6C,,www.amazon.ca,Kindle E-reader,GN433X105136074M,4586210041,Personal Document,7600,2
2026-01-27T07:07:43Z,2026-01-27T07:07:49Z,B8E8A2364D4C4B3F878376C7E1790EAD,,www.amazon.ca,Kindle E-reader,GN433X105136074M,4586210041,Personal Document,6200,1
2026-01-18T03:23:13Z,2026-01-18T03:23:18Z,66E13A43889B4FD68EC8281BF07FD1D4,,www.amazon.ca,Kindle E-reader,GN433X105136074M,4586210041,Personal Document,4500,1
2025-12-29T11:34:00Z,2025-12-29T11:34:06Z,D5EFF15011854195B68281249C44311E,,www.amazon.ca,Kindle E-reader,GN433X105136074M,4586210041,Personal Document,6100,1
2026-02-15T11:34:17Z,2026-02-15T11:55:18Z,6D216F6E29B947A8804B74EC2651AF00,,www.amazon.ca,Kindle E-reader,GN433X105136074M,4586210041,Personal Document,1261800,23
2026-02-11T08:15:44Z,2026-02-11T08:15:51Z,19B3E1A0C08D4F828A835CC0580C675E,,www.amazon.ca,Kindle E-reader,GN433X105136074M,4586210041,Personal Document,6900,4
2026-01-12T02:00:49Z,2026-01-12T02:10:48Z,3C62C94C637A4554B4472B6174DB48CD,,www.amazon.ca,Kindle E-reader,GN433X105136074M,4586210041,Personal Document,599800,1
2025-12-30T23:37:25Z,2025-12-30T23:37:28Z,D5EFF15011854195B68281249C44311E,,www.amazon.ca,Kindle E-reader,GN433X105136074M,4586210041,Personal Document,3400,1
2026-01-04T09:06:36Z,2026-01-04T09:06:53Z,F90795984FFA4037926AA94851BCC0AA,,www.amazon.ca,Kindle E-reader,GN433X105136074M,4586210041,Personal Document,17000,3
2026-01-26T04:11:00Z,2026-01-26T04:30:13Z,076B6578B4384616B5880A1E8B7FFD1A,,www.amazon.ca,Kindle E-reader,GN433X105136074M,4586210041,Personal Document,1153100,3
2026-02-01T07:14:47Z,2026-02-01T07:18:48Z,1A09B927E0C74FABBDF6B99408596102,,www.amazon.ca,Kindle E-reader,GN433X105136074M,4586210041,Personal Document,241000,3
2026-01-18T22:10:47Z,2026-01-18T22:10:51Z,C5E55116FA1A46AFB2C5DFD300E475A8,,www.amazon.ca,Kindle E-reader,GN433X105136074M,4586210041,Personal Document,3500,1
2025-12-27T23:09:45Z,2025-12-27T23:10:02Z,54A5A9B3503F4D9B9EF712B687F7E7B1,,www.amazon.ca,Kindle E-reader,GN433X105136074M,4586210041,Personal Document,17600,12
2026-02-11T08:19:25Z,2026-02-11T08:29:32Z,6D216F6E29B947A8804B74EC2651AF00,,www.amazon.ca,Kindle E-reader,GN433X105136074M,4586210041,Personal Document,606200,1
2025-12-30T10:47:10Z,2025-12-30T11:00:14Z,D5EFF15011854195B68281249C44311E,,www.amazon.ca,Kindle E-reader,GN433X105136074M,4586210041,Personal Document,784100,59
Not Available,2026-01-03T02:21:13Z,78E7887F8D2943A88F71739E98C89633,,www.amazon.ca,Kindle E-reader,GN433X105136074M,,Personal Document,,
2026-01-17T06:47:05Z,2026-01-17T07:19:01Z,847C8C95D06F4EC7A6E0439BA5EDA10C,,www.amazon.ca,Kindle E-reader,GN433X105136074M,4586210041,Personal Document,1916500,27
2026-01-03T11:24:12Z,2026-01-03T11:25:08Z,D5EFF15011854195B68281249C44311E,,www.amazon.ca,Kindle E-reader,GN433X105136074M,4586210041,Personal Document,56300,1
2026-02-11T08:11:15Z,2026-02-11T08:11:45Z,4ED3C87F5AA7450CAD2C6C8D2354EC41,,www.amazon.ca,Kindle E-reader,GN433X105136074M,4586210041,Personal Document,30200,3
Not Available,2025-12-28T07:53:45Z,89064185C5624DE4993C5079369DE20C,,www.amazon.ca,Kindle E-reader,GN433X105136074M,,Personal Document,,
2026-01-29T06:25:34Z,2026-01-29T06:45:35Z,19B3E1A0C08D4F828A835CC0580C675E,,www.amazon.ca,Kindle E-reader,GN433X105136074M,4586210041,Personal Document,1200800,42
2026-02-09T00:32:28Z,2026-02-09T01:21:55Z,19B3E1A0C08D4F828A835CC0580C675E,,www.amazon.ca,Kindle E-reader,GN433X105136074M,4586210041,Personal Document,2967500,44
2025-12-28T08:58:28Z,2025-12-28T08:58:34Z,89064185C5624DE4993C5079369DE20C,,www.amazon.ca,Kindle E-reader,GN433X105136074M,4586210041,Personal Document,6300,1
2026-01-25T05:34:53Z,2026-01-25T05:57:25Z,076B6578B4384616B5880A1E8B7FFD1A,,www.amazon.ca,Kindle E-reader,GN433X105136074M,4586210041,Personal Document,1352000,33
2026-01-02T11:44:44Z,2026-01-02T11:45:17Z,B23959E258BA46A1953FB06A7D24AC54,,www.amazon.ca,Kindle E-reader,GN433X105136074M,4586210041,Personal Document,33200,8
2026-01-26T08:30:00Z,2026-01-26T08:30:17Z,59A96E199C45437FA84D193F14C145BA,,www.amazon.ca,Kindle E-reader,GN433X105136074M,4586210041,Personal Document,17300,9
2025-12-30T10:44:59Z,2025-12-30T10:45:06Z,59A96E199C45437FA84D193F14C145BA,,www.amazon.ca,Kindle E-reader,GN433X105136074M,4586210041,Personal Document,6900,1
2026-01-18T16:23:00Z,2026-01-18T16:23:37Z,076B6578B4384616B5880A1E8B7FFD1A,,www.amazon.ca,Kindle E-reader,GN433X105136074M,4586210041,Personal Document,37500,1
2026-01-10T20:23:39Z,2026-01-10T20:24:00Z,C5E55116FA1A46AFB2C5DFD300E475A8,,www.amazon.ca,Kindle E-reader,GN433X105136074M,4586210041,Personal Document,20400,14
2026-01-27T07:10:02Z,2026-01-27T07:10:13Z,19B3E1A0C08D4F828A835CC0580C675E,,www.amazon.ca,Kindle E-reader,GN433X105136074M,4586210041,Personal Document,10100,1
2026-01-15T08:49:49Z,2026-01-15T08:49:54Z,847C8C95D06F4EC7A6E0439BA5EDA10C,,www.amazon.ca,Kindle E-reader,GN433X105136074M,4586210041,Personal Document,4700,1
2026-02-11T08:10:24Z,2026-02-11T08:10:30Z,6D216F6E29B947A8804B74EC2651AF00,,www.amazon.ca,Kindle E-reader,GN433X105136074M,4586210041,Personal Document,6000,2
2026-01-28T06:51:57Z,2026-01-28T06:53:26Z,B8E8A2364D4C4B3F878376C7E1790EAD,,www.amazon.ca,Kindle E-reader,GN433X105136074M,4586210041,Personal Document,89000,9
2026-02-01T06:22:40Z,2026-02-01T06:50:49Z,1A09B927E0C74FABBDF6B99408596102,,www.amazon.ca,Kindle E-reader,GN433X105136074M,4586210041,Personal Document,1688500,117
Not Available,2025-12-28T09:07:51Z,9589E9ED671B4D09B1C63516FBBA6C6C,,www.amazon.ca,Kindle E-reader,GN433X105136074M,,Personal Document,,
2026-02-06T06:40:24Z,2026-02-06T06:50:24Z,19B3E1A0C08D4F828A835CC0580C675E,,www.amazon.ca,Kindle E-reader,GN433X105136074M,4586210041,Personal Document,599900,1
2026-02-09T04:57:40Z,2026-02-09T04:57:59Z,4ED3C87F5AA7450CAD2C6C8D2354EC41,,www.amazon.ca,,274F3C10F99A4561ADCBFDDD57F97165,1191418256,Personal Document,19000,3
2026-02-17T08:32:58Z,2026-02-17T08:33:34Z,6D216F6E29B947A8804B74EC2651AF00,,www.amazon.ca,Kindle E-reader,GN433X105136074M,4586210041,Personal Document,35800,9
2026-02-08T07:40:31Z,2026-02-08T07:53:21Z,19B3E1A0C08D4F828A835CC0580C675E,,www.amazon.ca,Kindle E-reader,GN433X105136074M,4586210041,Personal Document,769900,26
Not Available,2026-01-03T02:23:29Z,85C2D0D1308A45B299F63F6F10BA5802,,www.amazon.ca,,274F3C10F99A4561ADCBFDDD57F97165,,Personal Document,,
2026-01-16T08:37:35Z,2026-01-16T08:37:42Z,847C8C95D06F4EC7A6E0439BA5EDA10C,,www.amazon.ca,Kindle E-reader,GN433X105136074M,4586210041,Personal Document,6900,1
2025-12-29T10:57:32Z,2025-12-29T10:58:29Z,F90795984FFA4037926AA94851BCC0AA,,www.amazon.ca,Kindle E-reader,GN433X105136074M,4586210041,Personal Document,57500,6
2025-12-27T22:23:04Z,2025-12-27T22:23:20Z,502355FBE3F34444A578E8ACEB9E40A0,,www.amazon.ca,Kindle E-reader,GN433X105136074M,4586210041,Personal Document,15700,14
2026-01-01T10:38:44Z,2026-01-01T11:25:01Z,D5EFF15011854195B68281249C44311E,,www.amazon.ca,Kindle E-reader,GN433X105136074M,4586210041,Personal Document,2777300,63
2026-02-08T08:30:15Z,2026-02-08T08:37:01Z,19B3E1A0C08D4F828A835CC0580C675E,,www.amazon.ca,Kindle E-reader,GN433X105136074M,4586210041,Personal Document,406200,8
Not Available,2025-12-29T11:34:20Z,01CA9E9573B94A098A9DF27C38AAACEC,,www.amazon.ca,Kindle E-reader,GN433X105136074M,,Personal Document,,
2026-01-24T20:07:19Z,2026-01-24T20:08:56Z,076B6578B4384616B5880A1E8B7FFD1A,,www.amazon.ca,Kindle E-reader,GN433X105136074M,4586210041,Personal Document,97600,10
2026-02-09T06:11:49Z,2026-02-09T06:12:18Z,19B3E1A0C08D4F828A835CC0580C675E,,www.amazon.ca,Kindle E-reader,GN433X105136074M,4586210041,Personal Document,28400,2
2026-01-03T02:17:24Z,2026-01-03T02:17:27Z,D5EFF15011854195B68281249C44311E,,www.amazon.ca,Kindle E-reader,GN433X105136074M,4586210041,Personal Document,2800,1
2026-02-07T05:56:34Z,2026-02-07T06:32:24Z,19B3E1A0C08D4F828A835CC0580C675E,,www.amazon.ca,Kindle E-reader,GN433X105136074M,4586210041,Personal Document,2150300,41
2026-01-23T06:40:41Z,2026-01-23T06:41:23Z,076B6578B4384616B5880A1E8B7FFD1A,,www.amazon.ca,Kindle E-reader,GN433X105136074M,4586210041,Personal Document,42200,1
2026-02-03T07:28:08Z,2026-02-03T07:54:24Z,19B3E1A0C08D4F828A835CC0580C675E,,www.amazon.ca,Kindle E-reader,GN433X105136074M,4586210041,Personal Document,1576600,20
2026-01-23T06:54:30Z,2026-01-23T07:32:02Z,076B6578B4384616B5880A1E8B7FFD1A,,www.amazon.ca,Kindle E-reader,GN433X105136074M,4586210041,Personal Document,2252000,33
2026-01-22T04:49:45Z,2026-01-22T04:56:54Z,076B6578B4384616B5880A1E8B7FFD1A,,www.amazon.ca,Kindle E-reader,GN433X105136074M,4586210041,Personal Document,429000,30
2026-01-18T03:18:54Z,2026-01-18T03:19:00Z,502355FBE3F34444A578E8ACEB9E40A0,,www.amazon.ca,Kindle E-reader,GN433X105136074M,4586210041,Personal Document,6500,1
2025-12-28T09:13:47Z,2025-12-28T09:13:50Z,54A5A9B3503F4D9B9EF712B687F7E7B1,,www.amazon.ca,Kindle E-reader,GN433X105136074M,4586210041,Personal Document,3500,1
2026-01-17T20:48:49Z,2026-01-17T21:06:51Z,847C8C95D06F4EC7A6E0439BA5EDA10C,,www.amazon.ca,Kindle E-reader,GN433X105136074M,4586210041,Personal Document,1082600,40
2026-02-09T09:30:21Z,2026-02-09T09:30:25Z,19B3E1A0C08D4F828A835CC0580C675E,,www.amazon.ca,Kindle E-reader,GN433X105136074M,4586210041,Personal Document,4300,1
2026-02-07T18:48:28Z,2026-02-07T19:53:13Z,19B3E1A0C08D4F828A835CC0580C675E,,www.amazon.ca,Kindle E-reader,GN433X105136074M,4586210041,Personal Document,3884400,144
2026-02-22T02:15:37Z,2026-02-22T02:15:53Z,19B3E1A0C08D4F828A835CC0580C675E,,www.amazon.ca,Kindle E-reader,GN433X105136074M,4586210041,Personal Document,15900,1
2026-02-11T08:11:56Z,2026-02-11T08:13:06Z,6D216F6E29B947A8804B74EC2651AF00,,www.amazon.ca,Kindle E-reader,GN433X105136074M,4586210041,Personal Document,70000,36
2026-02-13T07:58:01Z,2026-02-13T08:23:47Z,6D216F6E29B947A8804B74EC2651AF00,,www.amazon.ca,Kindle E-reader,GN433X105136074M,4586210041,Personal Document,1546400,54
2026-02-22T06:08:38Z,2026-02-22T06:45:44Z,6D216F6E29B947A8804B74EC2651AF00,,www.amazon.ca,Kindle E-reader,GN433X105136074M,4586210041,Personal Document,2225300,60
Not Available,2026-01-10T20:23:12Z,C5E55116FA1A46AFB2C5DFD300E475A8,,www.amazon.ca,Kindle E-reader,GN433X105136074M,,Personal Document,,
2026-02-08T23:10:10Z,2026-02-08T23:49:01Z,19B3E1A0C08D4F828A835CC0580C675E,,www.amazon.ca,Kindle E-reader,GN433X105136074M,4586210041,Personal Document,2330900,71
2026-02-11T09:12:16Z,2026-02-11T09:12:21Z,6D216F6E29B947A8804B74EC2651AF00,,www.amazon.ca,Kindle E-reader,GN433X105136074M,4586210041,Personal Document,4900,1
2026-01-03T02:26:26Z,2026-01-03T02:26:34Z,DD25ACB7A5614CA19F10396C00773EBE,,www.amazon.ca,Kindle E-reader,GN433X105136074M,4586210041,Personal Document,7900,1
2026-01-19T00:52:57Z,2026-01-19T01:17:14Z,076B6578B4384616B5880A1E8B7FFD1A,,www.amazon.ca,Kindle E-reader,GN433X105136074M,4586210041,Personal Document,1456400,57
Not Available,2025-12-31T03:41:50Z,59A96E199C45437FA84D193F14C145BA,,www.amazon.ca,Kindle E-reader,GN433X105136074M,,Personal Document,,
2026-02-15T04:44:49Z,2026-02-15T04:45:05Z,6D216F6E29B947A8804B74EC2651AF00,,www.amazon.ca,Kindle E-reader,GN433X105136074M,4586210041,Personal Document,15800,1
2026-02-12T10:41:56Z,2026-02-12T10:42:20Z,6D216F6E29B947A8804B74EC2651AF00,,www.amazon.ca,Kindle E-reader,GN433X105136074M,4586210041,Personal Document,23600,1
Not Available,2026-01-03T02:20:28Z,78E7887F8D2943A88F71739E98C89633,,www.amazon.ca,Kindle E-reader,GN433X105136074M,,Personal Document,,
2026-02-22T07:48:27Z,2026-02-22T08:10:33Z,6D216F6E29B947A8804B74EC2651AF00,,www.amazon.ca,Kindle E-reader,GN433X105136074M,4586210041,Personal Document,1326400,60
2026-02-03T08:53:24Z,2026-02-03T08:53:28Z,19B3E1A0C08D4F828A835CC0580C675E,,www.amazon.ca,Kindle E-reader,GN433X105136074M,4586210041,Personal Document,4400,1
2026-01-18T03:13:38Z,2026-01-18T03:13:54Z,59A96E199C45437FA84D193F14C145BA,,www.amazon.ca,Kindle E-reader,GN433X105136074M,4586210041,Personal Document,16300,5
2026-02-02T00:26:30Z,2026-02-02T00:39:24Z,19B3E1A0C08D4F828A835CC0580C675E,,www.amazon.ca,Kindle E-reader,GN433X105136074M,4586210041,Personal Document,774000,2
Not Available,2025-12-27T23:10:02Z,54A5A9B3503F4D9B9EF712B687F7E7B1,,www.amazon.ca,Kindle E-reader,GN433X105136074M,,Personal Document,,
2026-01-18T03:14:40Z,2026-01-18T03:14:45Z,84E5C44F27ED4C06AC4253403B52E124,,www.amazon.ca,Kindle E-reader,GN433X105136074M,4586210041,Personal Document,4400,1
2026-02-16T03:19:05Z,2026-02-16T03:34:52Z,6D216F6E29B947A8804B74EC2651AF00,,www.amazon.ca,Kindle E-reader,GN433X105136074M,4586210041,Personal Document,947400,38
2025-12-28T09:13:53Z,2025-12-28T09:13:59Z,B23959E258BA46A1953FB06A7D24AC54,,www.amazon.ca,Kindle E-reader,GN433X105136074M,4586210041,Personal Document,6700,1
Not Available,2026-01-10T20:05:54Z,F90795984FFA4037926AA94851BCC0AA,,www.amazon.ca,Kindle E-reader,GN433X105136074M,,Personal Document,,
Not Available,2026-01-18T16:23:37Z,076B6578B4384616B5880A1E8B7FFD1A,,www.amazon.ca,Kindle E-reader,GN433X105136074M,,Personal Document,,
2026-02-07T03:32:40Z,2026-02-07T03:32:46Z,19B3E1A0C08D4F828A835CC0580C675E,,www.amazon.ca,Kindle E-reader,GN433X105136074M,4586210041,Personal Document,6400,1
2026-02-16T22:01:59Z,2026-02-16T22:31:02Z,6D216F6E29B947A8804B74EC2651AF00,,www.amazon.ca,Kindle E-reader,GN433X105136074M,4586210041,Personal Document,1742600,46
Not Available,2026-01-03T02:17:27Z,D5EFF15011854195B68281249C44311E,,www.amazon.ca,Kindle E-reader,GN433X105136074M,,Personal Document,,
Not Available,2026-02-11T08:13:06Z,6D216F6E29B947A8804B74EC2651AF00,,www.amazon.ca,Kindle E-reader,GN433X105136074M,,Personal Document,,
2026-02-19T05:18:45Z,2026-02-19T05:31:00Z,6D216F6E29B947A8804B74EC2651AF00,,www.amazon.ca,Kindle E-reader,GN433X105136074M,4586210041,Personal Document,735800,2
2026-01-26T08:29:38Z,2026-01-26T08:29:48Z,66E13A43889B4FD68EC8281BF07FD1D4,,www.amazon.ca,Kindle E-reader,GN433X105136074M,4586210041,Personal Document,10400,6
2026-02-05T09:07:25Z,2026-02-05T09:07:52Z,19B3E1A0C08D4F828A835CC0580C675E,,www.amazon.ca,Kindle E-reader,GN433X105136074M,4586210041,Personal Document,27100,5
2026-02-14T05:32:43Z,2026-02-14T05:42:42Z,6D216F6E29B947A8804B74EC2651AF00,,www.amazon.ca,Kindle E-reader,GN433X105136074M,4586210041,Personal Document,599700,1
2026-02-11T08:19:02Z,2026-02-11T08:19:09Z,6D216F6E29B947A8804B74EC2651AF00,,www.amazon.ca,Kindle E-reader,GN433X105136074M,4586210041,Personal Document,6900,1
2026-01-03T02:22:56Z,2026-01-03T02:23:18Z,78E7887F8D2943A88F71739E98C89633,,www.amazon.ca,Kindle E-reader,GN433X105136074M,4586210041,Personal Document,21700,1
2025-12-30T11:01:30Z,2025-12-30T11:02:02Z,D5EFF15011854195B68281249C44311E,,www.amazon.ca,Kindle E-reader,GN433X105136074M,4586210041,Personal Document,32500,2
2025-12-28T09:06:46Z,2025-12-28T09:07:03Z,6DB4151DF8904BC1A980E5D385DF1973,,www.amazon.ca,Kindle E-reader,GN433X105136074M,4586210041,Personal Document,16700,4
2026-02-11T08:09:01Z,2026-02-11T08:09:18Z,4ED3C87F5AA7450CAD2C6C8D2354EC41,,www.amazon.ca,Kindle E-reader,GN433X105136074M,4586210041,Personal Document,17100,2
2026-01-04T09:06:55Z,2026-01-04T09:23:19Z,D5EFF15011854195B68281249C44311E,,www.amazon.ca,Kindle E-reader,GN433X105136074M,4586210041,Personal Document,983600,57
2026-02-21T07:36:39Z,2026-02-21T08:12:00Z,6D216F6E29B947A8804B74EC2651AF00,,www.amazon.ca,Kindle E-reader,GN433X105136074M,4586210041,Personal Document,2121100,53
2026-01-20T08:05:01Z,2026-01-20T08:06:30Z,42661D548BA441B68265BD6CB2101F9D,,www.amazon.ca,Kindle E-reader,GN433X105136074M,4586210041,Personal Document,88900,13
2026-02-17T05:43:06Z,2026-02-17T06:05:54Z,6D216F6E29B947A8804B74EC2651AF00,,www.amazon.ca,Kindle E-reader,GN433X105136074M,4586210041,Personal Document,1368600,41
2026-01-06T06:48:09Z,2026-01-06T07:50:45Z,29073688D73B4C11AACA6D3D2351B60D,,www.amazon.ca,Kindle E-reader,GN433X105136074M,4586210041,Personal Document,3756200,102
Not Available,2025-12-28T09:07:03Z,6DB4151DF8904BC1A980E5D385DF1973,,www.amazon.ca,Kindle E-reader,GN433X105136074M,,Personal Document,,
2026-01-18T03:24:33Z,2026-01-18T03:44:15Z,C5E55116FA1A46AFB2C5DFD300E475A8,,www.amazon.ca,Kindle E-reader,GN433X105136074M,4586210041,Personal Document,1182900,34
2026-01-10T20:24:26Z,2026-01-10T20:27:34Z,C5E55116FA1A46AFB2C5DFD300E475A8,,www.amazon.ca,Kindle E-reader,GN433X105136074M,4586210041,Personal Document,187900,20
2026-02-08T22:57:17Z,2026-02-08T23:10:07Z,19B3E1A0C08D4F828A835CC0580C675E,,www.amazon.ca,Kindle E-reader,GN433X105136074M,4586210041,Personal Document,769100,9
2026-02-05T21:30:03Z,2026-02-05T21:57:18Z,19B3E1A0C08D4F828A835CC0580C675E,,www.amazon.ca,Kindle E-reader,GN433X105136074M,4586210041,Personal Document,1635200,29
2026-01-10T22:11:50Z,2026-01-10T22:15:50Z,C5E55116FA1A46AFB2C5DFD300E475A8,,www.amazon.ca,Kindle E-reader,GN433X105136074M,4586210041,Personal Document,239600,1
2026-02-14T06:48:52Z,2026-02-14T07:35:51Z,6D216F6E29B947A8804B74EC2651AF00,,www.amazon.ca,Kindle E-reader,GN433X105136074M,4586210041,Personal Document,2819200,53
2025-12-27T21:37:49Z,2025-12-27T21:37:55Z,6DB4151DF8904BC1A980E5D385DF1973,,www.amazon.ca,Kindle E-reader,GN433X105136074M,4586210041,Personal Document,5700,1
2026-01-13T05:41:13Z,2026-01-13T05:41:16Z,847C8C95D06F4EC7A6E0439BA5EDA10C,,www.amazon.ca,Kindle E-reader,GN433X105136074M,4586210041,Personal Document,3600,1
Not Available,2026-02-11T08:09:00Z,6D216F6E29B947A8804B74EC2651AF00,,www.amazon.ca,Kindle E-reader,GN433X105136074M,,Personal Document,,
2025-12-28T07:52:30Z,2025-12-28T07:52:54Z,,,www.amazon.ca,Kindle E-reader,GN433X105136074M,4586210041,SIDE,24800,7
2026-01-19T06:33:32Z,2026-01-19T07:06:16Z,076B6578B4384616B5880A1E8B7FFD1A,,www.amazon.ca,Kindle E-reader,GN433X105136074M,4586210041,Personal Document,1963500,132
2026-01-03T11:25:26Z,2026-01-03T11:57:42Z,D5EFF15011854195B68281249C44311E,,www.amazon.ca,Kindle E-reader,GN433X105136074M,4586210041,Personal Document,1935800,79
2026-02-08T02:56:45Z,2026-02-08T03:13:54Z,19B3E1A0C08D4F828A835CC0580C675E,,www.amazon.ca,Kindle E-reader,GN433X105136074M,4586210041,Personal Document,1029100,7
2026-02-14T04:12:46Z,2026-02-14T04:20:43Z,6D216F6E29B947A8804B74EC2651AF00,,www.amazon.ca,Kindle E-reader,GN433X105136074M,4586210041,Personal Document,477000,69
2026-01-24T22:58:10Z,2026-01-24T23:52:00Z,076B6578B4384616B5880A1E8B7FFD1A,,www.amazon.ca,Kindle E-reader,GN433X105136074M,4586210041,Personal Document,3229800,116
Not Available,2026-01-12T09:19:12Z,C5E55116FA1A46AFB2C5DFD300E475A8,,www.amazon.ca,Kindle E-reader,GN433X105136074M,,Personal Document,,
2026-01-16T06:14:55Z,2026-01-16T06:44:04Z,847C8C95D06F4EC7A6E0439BA5EDA10C,,www.amazon.ca,Kindle E-reader,GN433X105136074M,4586210041,Personal Document,1749800,18
2026-02-12T05:58:11Z,2026-02-12T06:16:06Z,6D216F6E29B947A8804B74EC2651AF00,,www.amazon.ca,Kindle E-reader,GN433X105136074M,4586210041,Personal Document,1075400,44
2026-02-20T05:36:55Z,2026-02-20T05:58:22Z,6D216F6E29B947A8804B74EC2651AF00,,www.amazon.ca,Kindle E-reader,GN433X105136074M,4586210041,Personal Document,1287100,43
2026-02-11T07:44:45Z,2026-02-11T07:50:38Z,4ED3C87F5AA7450CAD2C6C8D2354EC41,,www.amazon.ca,Kindle E-reader,GN433X105136074M,4586210041,Personal Document,353200,5
2026-01-03T02:46:28Z,2026-01-03T02:46:31Z,D5EFF15011854195B68281249C44311E,,www.amazon.ca,Kindle E-reader,GN433X105136074M,4586210041,Personal Document,3400,1
2026-02-01T19:50:54Z,2026-02-01T20:28:43Z,1A09B927E0C74FABBDF6B99408596102,,www.amazon.ca,Kindle E-reader,GN433X105136074M,4586210041,Personal Document,2268900,60
2026-01-25T19:52:37Z,2026-01-25T19:58:45Z,076B6578B4384616B5880A1E8B7FFD1A,,www.amazon.ca,Kindle E-reader,GN433X105136074M,4586210041,Personal Document,367700,20
2026-02-20T08:19:44Z,2026-02-20T08:34:16Z,6D216F6E29B947A8804B74EC2651AF00,,www.amazon.ca,Kindle E-reader,GN433X105136074M,4586210041,Personal Document,871600,2
2026-02-11T08:44:53Z,2026-02-11T09:12:04Z,6D216F6E29B947A8804B74EC2651AF00,,www.amazon.ca,Kindle E-reader,GN433X105136074M,4586210041,Personal Document,1631500,99
2026-02-18T07:34:53Z,2026-02-18T08:05:17Z,6D216F6E29B947A8804B74EC2651AF00,,www.amazon.ca,Kindle E-reader,GN433X105136074M,4586210041,Personal Document,1824700,59
2026-02-07T05:22:56Z,2026-02-07T05:32:17Z,19B3E1A0C08D4F828A835CC0580C675E,,www.amazon.ca,Kindle E-reader,GN433X105136074M,4586210041,Personal Document,560300,5
2026-01-22T03:45:19Z,2026-01-22T03:45:23Z,076B6578B4384616B5880A1E8B7FFD1A,,www.amazon.ca,Kindle E-reader,GN433X105136074M,4586210041,Personal Document,4200,1
2026-01-18T03:19:54Z,2026-01-18T03:21:20Z,076B6578B4384616B5880A1E8B7FFD1A,,www.amazon.ca,Kindle E-reader,GN433X105136074M,4586210041,Personal Document,85900,5
2026-01-29T06:01:47Z,2026-01-29T06:01:51Z,19B3E1A0C08D4F828A835CC0580C675E,,www.amazon.ca,Kindle E-reader,GN433X105136074M,4586210041,Personal Document,4100,1
2026-01-10T20:15:10Z,2026-01-10T20:15:12Z,54A5A9B3503F4D9B9EF712B687F7E7B1,,www.amazon.ca,Kindle E-reader,GN433X105136074M,4586210041,Personal Document,2700,1
2025-12-28T11:11:22Z,2025-12-28T11:11:25Z,54A5A9B3503F4D9B9EF712B687F7E7B1,,www.amazon.ca,Kindle E-reader,GN433X105136074M,4586210041,Personal Document,3800,1
2026-02-08T08:41:21Z,2026-02-08T09:20:56Z,19B3E1A0C08D4F828A835CC0580C675E,,www.amazon.ca,Kindle E-reader,GN433X105136074M,4586210041,Personal Document,2375400,63
Not Available,2026-01-03T02:26:34Z,DD25ACB7A5614CA19F10396C00773EBE,,www.amazon.ca,Kindle E-reader,GN433X105136074M,,Personal Document,,
2026-01-27T07:51:48Z,2026-01-27T07:52:13Z,19B3E1A0C08D4F828A835CC0580C675E,,www.amazon.ca,Kindle E-reader,GN433X105136074M,4586210041,Personal Document,25500,1
2026-02-09T07:28:28Z,2026-02-09T08:22:31Z,19B3E1A0C08D4F828A835CC0580C675E,,www.amazon.ca,Kindle E-reader,GN433X105136074M,4586210041,Personal Document,3242900,90
2026-01-18T16:14:33Z,2026-01-18T16:14:52Z,C5E55116FA1A46AFB2C5DFD300E475A8,,www.amazon.ca,Kindle E-reader,GN433X105136074M,4586210041,Personal Document,19500,1
Not Available,2026-01-18T00:30:49Z,847C8C95D06F4EC7A6E0439BA5EDA10C,,www.amazon.ca,Kindle E-reader,GN433X105136074M,,Personal Document,,
2026-01-16T05:50:45Z,2026-01-16T06:05:14Z,847C8C95D06F4EC7A6E0439BA5EDA10C,,www.amazon.ca,Kindle E-reader,GN433X105136074M,4586210041,Personal Document,868200,14
2026-01-19T00:28:40Z,2026-01-19T00:32:43Z,076B6578B4384616B5880A1E8B7FFD1A,,www.amazon.ca,Kindle E-reader,GN433X105136074M,4586210041,Personal Document,243100,2
2026-01-04T08:55:52Z,2026-01-04T09:05:12Z,D5EFF15011854195B68281249C44311E,,www.amazon.ca,Kindle E-reader,GN433X105136074M,4586210041,Personal Document,559600,11
2026-02-22T02:16:02Z,2026-02-22T02:16:11Z,6D216F6E29B947A8804B74EC2651AF00,,www.amazon.ca,Kindle E-reader,GN433X105136074M,4586210041,Personal Document,9200,4
2026-01-25T21:32:46Z,2026-01-25T22:00:13Z,076B6578B4384616B5880A1E8B7FFD1A,,www.amazon.ca,Kindle E-reader,GN433X105136074M,4586210041,Personal Document,1647000,11
2025-12-31T10:37:00Z,2025-12-31T10:37:03Z,D5EFF15011854195B68281249C44311E,,www.amazon.ca,Kindle E-reader,GN433X105136074M,4586210041,Personal Document,3000,1
Not Available,2026-01-18T16:22:55Z,C5E55116FA1A46AFB2C5DFD300E475A8,,www.amazon.ca,Kindle E-reader,GN433X105136074M,,Personal Document,,
2026-02-11T05:27:02Z,2026-02-11T07:15:21Z,19B3E1A0C08D4F828A835CC0580C675E,,www.amazon.ca,Kindle E-reader,GN433X105136074M,4586210041,Personal Document,6499400,251
Not Available,2026-01-27T07:07:29Z,AECA91816536424CB079D9D08497A4EE,,www.amazon.ca,Kindle E-reader,GN433X105136074M,,Personal Document,,
2025-12-28T09:17:41Z,2025-12-28T09:17:52Z,54A5A9B3503F4D9B9EF712B687F7E7B1,,www.amazon.ca,Kindle E-reader,GN433X105136074M,4586210041,Personal Document,10800,2
Not Available,2025-12-27T21:37:43Z,6DB4151DF8904BC1A980E5D385DF1973,,www.amazon.ca,Kindle E-reader,GN433X105136074M,,Personal Document,,
2026-01-18T21:42:38Z,2026-01-18T22:00:22Z,C5E55116FA1A46AFB2C5DFD300E475A8,,www.amazon.ca,Kindle E-reader,GN433X105136074M,4586210041,Personal Document,1064100,14
2026-01-13T05:40:37Z,2026-01-13T05:40:42Z,C5E55116FA1A46AFB2C5DFD300E475A8,,www.amazon.ca,Kindle E-reader,GN433X105136074M,4586210041,Personal Document,5200,2
2026-02-22T09:03:39Z,2026-02-22T09:05:07Z,FF1CA210F8824CDB86FFE4891611CBDB,,www.amazon.ca,Kindle E-reader,GN433X105136074M,4586210041,Personal Document,88300,19
2026-02-07T21:57:07Z,2026-02-07T22:41:16Z,19B3E1A0C08D4F828A835CC0580C675E,,www.amazon.ca,Kindle E-reader,GN433X105136074M,4586210041,Personal Document,2648800,32
2026-02-11T08:09:39Z,2026-02-11T08:10:03Z,6D216F6E29B947A8804B74EC2651AF00,,www.amazon.ca,Kindle E-reader,GN433X105136074M,4586210041,Personal Document,23800,16
2026-02-11T08:09:28Z,2026-02-11T08:09:32Z,4ED3C87F5AA7450CAD2C6C8D2354EC41,,www.amazon.ca,Kindle E-reader,GN433X105136074M,4586210041,Personal Document,4200,1
2025-12-30T11:01:16Z,2025-12-30T11:01:20Z,D5EFF15011854195B68281249C44311E,,www.amazon.ca,Kindle E-reader,GN433X105136074M,4586210041,Personal Document,3500,1
2026-01-26T08:27:38Z,2026-01-26T08:28:35Z,076B6578B4384616B5880A1E8B7FFD1A,,www.amazon.ca,Kindle E-reader,GN433X105136074M,4586210041,Personal Document,56500,1
2026-02-02T00:56:42Z,2026-02-02T00:57:45Z,19B3E1A0C08D4F828A835CC0580C675E,,www.amazon.ca,Kindle E-reader,GN433X105136074M,4586210041,Personal Document,63100,3
2026-02-02T05:16:20Z,2026-02-02T05:45:17Z,19B3E1A0C08D4F828A835CC0580C675E,,www.amazon.ca,Kindle E-reader,GN433X105136074M,4586210041,Personal Document,1736900,51
Not Available,2025-12-27T22:13:01Z,84E5C44F27ED4C06AC4253403B52E124,,www.amazon.ca,Kindle E-reader,GN433X105136074M,,Personal Document,,
2026-02-15T09:56:16Z,2026-02-15T10:02:49Z,6D216F6E29B947A8804B74EC2651AF00,,www.amazon.ca,Kindle E-reader,GN433X105136074M,4586210041,Personal Document,392900,14
2026-01-06T09:26:41Z,2026-01-06T09:27:21Z,F90795984FFA4037926AA94851BCC0AA,,www.amazon.ca,Kindle E-reader,GN433X105136074M,4586210041,Personal Document,40400,12
Not Available,2026-02-22T09:05:07Z,FF1CA210F8824CDB86FFE4891611CBDB,,www.amazon.ca,Kindle E-reader,GN433X105136074M,,Personal Document,,
2026-01-12T03:32:28Z,2026-01-12T03:51:48Z,3C62C94C637A4554B4472B6174DB48CD,,www.amazon.ca,Kindle E-reader,GN433X105136074M,4586210041,Personal Document,1159900,61
Not Available,2026-02-11T08:10:30Z,6D216F6E29B947A8804B74EC2651AF00,,www.amazon.ca,Kindle E-reader,GN433X105136074M,,Personal Document,,
2026-02-16T01:56:53Z,2026-02-16T02:35:08Z,6D216F6E29B947A8804B74EC2651AF00,,www.amazon.ca,Kindle E-reader,GN433X105136074M,4586210041,Personal Document,2295000,26
2026-01-05T08:01:52Z,2026-01-05T08:02:04Z,29073688D73B4C11AACA6D3D2351B60D,,www.amazon.ca,Kindle E-reader,GN433X105136074M,4586210041,Personal Document,12500,4
2026-02-16T07:49:43Z,2026-02-16T08:18:17Z,6D216F6E29B947A8804B74EC2651AF00,,www.amazon.ca,Kindle E-reader,GN433X105136074M,4586210041,Personal Document,1714700,15
2026-01-01T10:38:10Z,2026-01-01T10:38:38Z,54A5A9B3503F4D9B9EF712B687F7E7B1,,www.amazon.ca,Kindle E-reader,GN433X105136074M,4586210041,Personal Document,28300,8
2025-12-28T09:58:52Z,2025-12-28T10:04:37Z,89064185C5624DE4993C5079369DE20C,,www.amazon.ca,Kindle E-reader,GN433X105136074M,4586210041,Personal Document,344500,7
2026-01-18T02:33:52Z,2026-01-18T02:38:26Z,C5E55116FA1A46AFB2C5DFD300E475A8,,www.amazon.ca,Kindle E-reader,GN433X105136074M,4586210041,Personal Document,274600,3
2026-01-24T19:08:10Z,2026-01-24T20:06:10Z,076B6578B4384616B5880A1E8B7FFD1A,,www.amazon.ca,Kindle E-reader,GN433X105136074M,4586210041,Personal Document,3480100,105
2026-01-10T20:10:51Z,2026-01-10T20:11:44Z,54A5A9B3503F4D9B9EF712B687F7E7B1,,www.amazon.ca,Kindle E-reader,GN433X105136074M,4586210041,Personal Document,53100,30
2026-01-18T03:49:44Z,2026-01-18T03:50:05Z,076B6578B4384616B5880A1E8B7FFD1A,,www.amazon.ca,Kindle E-reader,GN433X105136074M,4586210041,Personal Document,21600,7
2026-02-01T22:59:03Z,2026-02-01T23:08:45Z,19B3E1A0C08D4F828A835CC0580C675E,,www.amazon.ca,Kindle E-reader,GN433X105136074M,4586210041,Personal Document,582300,5
2025-12-28T11:11:27Z,2025-12-28T11:54:34Z,89064185C5624DE4993C5079369DE20C,,www.amazon.ca,Kindle E-reader,GN433X105136074M,4586210041,Personal Document,2587100,66
2026-01-18T00:58:20Z,2026-01-18T00:58:25Z,C5E55116FA1A46AFB2C5DFD300E475A8,,www.amazon.ca,Kindle E-reader,GN433X105136074M,4586210041,Personal Document,4700,1
2026-01-05T08:37:59Z,2026-01-05T08:56:27Z,29073688D73B4C11AACA6D3D2351B60D,,www.amazon.ca,Kindle E-reader,GN433X105136074M,4586210041,Personal Document,1108600,61
2026-01-03T02:20:29Z,2026-01-03T02:20:33Z,78E7887F8D2943A88F71739E98C89633,,www.amazon.ca,Kindle E-reader,GN433X105136074M,4586210041,Personal Document,3600,1
Not Available,2026-02-19T02:43:38Z,1A09B927E0C74FABBDF6B99408596102,,www.amazon.ca,,274F3C10F99A4561ADCBFDDD57F97165,,Personal Document,,
2026-01-28T06:44:33Z,2026-01-28T06:48:48Z,19B3E1A0C08D4F828A835CC0580C675E,,www.amazon.ca,Kindle E-reader,GN433X105136074M,4586210041,Personal Document,255300,4
2026-02-04T22:23:03Z,2026-02-04T22:23:44Z,19B3E1A0C08D4F828A835CC0580C675E,,www.amazon.ca,Kindle E-reader,GN433X105136074M,4586210041,Personal Document,40700,5
2026-01-18T16:15:09Z,2026-01-18T16:20:13Z,C5E55116FA1A46AFB2C5DFD300E475A8,,www.amazon.ca,Kindle E-reader,GN433X105136074M,4586210041,Personal Document,304200,11
Not Available,2025-12-29T11:37:53Z,D5EFF15011854195B68281249C44311E,,www.amazon.ca,Kindle E-reader,GN433X105136074M,,Personal Document,,
2026-02-14T05:08:07Z,2026-02-14T05:31:28Z,6D216F6E29B947A8804B74EC2651AF00,,www.amazon.ca,Kindle E-reader,GN433X105136074M,4586210041,Personal Document,1400800,31
2026-01-20T07:26:26Z,2026-01-20T07:26:35Z,42661D548BA441B68265BD6CB2101F9D,,www.amazon.ca,Kindle E-reader,GN433X105136074M,4586210041,Personal Document,9100,1
2026-01-18T02:55:08Z,2026-01-18T02:55:50Z,C5E55116FA1A46AFB2C5DFD300E475A8,,www.amazon.ca,Kindle E-reader,GN433X105136074M,4586210041,Personal Document,41800,1
Not Available,2025-12-27T22:54:22Z,A1C6B344090845229203C819D000B053,,www.amazon.ca,Kindle E-reader,GN433X105136074M,,Personal Document,,
2026-02-10T06:17:47Z,2026-02-10T06:52:35Z,19B3E1A0C08D4F828A835CC0580C675E,,www.amazon.ca,Kindle E-reader,GN433X105136074M,4586210041,Personal Document,2087400,61
2026-01-10T20:07:28Z,2026-01-10T20:10:46Z,54A5A9B3503F4D9B9EF712B687F7E7B1,,www.amazon.ca,Kindle E-reader,GN433X105136074M,4586210041,Personal Document,198300,40
2025-12-30T11:43:19Z,2025-12-30T11:59:28Z,D5EFF15011854195B68281249C44311E,,www.amazon.ca,Kindle E-reader,GN433X105136074M,4586210041,Personal Document,968800,56
2025-12-28T10:53:48Z,2025-12-28T11:11:11Z,89064185C5624DE4993C5079369DE20C,,www.amazon.ca,Kindle E-reader,GN433X105136074M,4586210041,Personal Document,1043300,42
2026-02-01T07:14:04Z,2026-02-01T07:14:18Z,1A09B927E0C74FABBDF6B99408596102,,www.amazon.ca,Kindle E-reader,GN433X105136074M,4586210041,Personal Document,13400,1
2026-01-19T03:06:27Z,2026-01-19T03:07:11Z,59A96E199C45437FA84D193F14C145BA,,www.amazon.ca,Kindle E-reader,GN433X105136074M,4586210041,Personal Document,43900,13
Not Available,2025-12-28T00:24:33Z,65C2E1E36CB6476D85D08DA0BAB4315D,,www.amazon.ca,,274F3C10F99A4561ADCBFDDD57F97165,,Personal Document,,
2026-01-19T02:17:01Z,2026-01-19T02:17:14Z,076B6578B4384616B5880A1E8B7FFD1A,,www.amazon.ca,Kindle E-reader,GN433X105136074M,4586210041,Personal Document,13700,1
2026-01-01T11:30:11Z,2026-01-01T11:31:56Z,D5EFF15011854195B68281249C44311E,,www.amazon.ca,Kindle E-reader,GN433X105136074M,4586210041,Personal Document,105500,7
2025-12-31T10:36:53Z,2025-12-31T10:36:57Z,D5EFF15011854195B68281249C44311E,,www.amazon.ca,Kindle E-reader,GN433X105136074M,4586210041,Personal Document,3800,1
2026-01-31T19:59:46Z,2026-01-31T20:10:12Z,1A09B927E0C74FABBDF6B99408596102,,www.amazon.ca,Kindle E-reader,GN433X105136074M,4586210041,Personal Document,626300,23
2026-01-18T02:09:28Z,2026-01-18T02:19:28Z,C5E55116FA1A46AFB2C5DFD300E475A8,,www.amazon.ca,Kindle E-reader,GN433X105136074M,4586210041,Personal Document,599800,1
2026-02-10T07:59:23Z,2026-02-10T07:59:33Z,19B3E1A0C08D4F828A835CC0580C675E,,www.amazon.ca,Kindle E-reader,GN433X105136074M,4586210041,Personal Document,10300,1
2026-01-23T08:42:18Z,2026-01-23T08:42:22Z,076B6578B4384616B5880A1E8B7FFD1A,,www.amazon.ca,Kindle E-reader,GN433X105136074M,4586210041,Personal Document,4100,1
2026-01-03T02:21:28Z,2026-01-03T02:21:34Z,2F883FEA625741178AEF4B1643608C21,,www.amazon.ca,Kindle E-reader,GN433X105136074M,4586210041,Personal Document,5900,1
2026-02-11T07:52:44Z,2026-02-11T07:58:54Z,4ED3C87F5AA7450CAD2C6C8D2354EC41,,www.amazon.ca,Kindle E-reader,GN433X105136074M,4586210041,Personal Document,370000,6
2026-01-03T02:22:04Z,2026-01-03T02:22:10Z,05B583E55E6E496F870ABD566734FAE8,,www.amazon.ca,Kindle E-reader,GN433X105136074M,4586210041,Personal Document,5700,1
2026-02-21T05:47:31Z,2026-02-21T05:57:39Z,6D216F6E29B947A8804B74EC2651AF00,,www.amazon.ca,Kindle E-reader,GN433X105136074M,4586210041,Personal Document,607400,9
2026-01-28T06:53:32Z,2026-01-28T07:18:24Z,19B3E1A0C08D4F828A835CC0580C675E,,www.amazon.ca,Kindle E-reader,GN433X105136074M,4586210041,Personal Document,1491900,14
2026-01-18T03:17:10Z,2026-01-18T03:17:14Z,076B6578B4384616B5880A1E8B7FFD1A,,www.amazon.ca,Kindle E-reader,GN433X105136074M,4586210041,Personal Document,4300,1
2025-12-29T10:55:15Z,2025-12-29T10:55:57Z,F90795984FFA4037926AA94851BCC0AA,,www.amazon.ca,Kindle E-reader,GN433X105136074M,4586210041,Personal Document,42300,5
2026-01-18T00:58:29Z,2026-01-18T00:59:27Z,59A96E199C45437FA84D193F14C145BA,,www.amazon.ca,Kindle E-reader,GN433X105136074M,4586210041,Personal Document,57700,27
2026-02-17T07:11:52Z,2026-02-17T07:43:23Z,6D216F6E29B947A8804B74EC2651AF00,,www.amazon.ca,Kindle E-reader,GN433X105136074M,4586210041,Personal Document,1891200,49
2025-12-28T08:58:46Z,2025-12-28T09:04:54Z,89064185C5624DE4993C5079369DE20C,,www.amazon.ca,Kindle E-reader,GN433X105136074M,4586210041,Personal Document,367900,28
2026-02-22T09:02:35Z,2026-02-22T09:03:25Z,0D60C9A7556B436E8E416830A370E048,,www.amazon.ca,Kindle E-reader,GN433X105136074M,4586210041,Personal Document,50500,27
2026-02-22T08:10:40Z,2026-02-22T08:11:01Z,6D216F6E29B947A8804B74EC2651AF00,,www.amazon.ca,Kindle E-reader,GN433X105136074M,4586210041,Personal Document,20800,8
2026-01-20T07:26:49Z,2026-01-20T07:26:52Z,42661D548BA441B68265BD6CB2101F9D,,www.amazon.ca,Kindle E-reader,GN433X105136074M,4586210041,Personal Document,3000,1
2026-01-15T06:32:42Z,2026-01-15T07:04:27Z,847C8C95D06F4EC7A6E0439BA5EDA10C,,www.amazon.ca,Kindle E-reader,GN433X105136074M,4586210041,Personal Document,1905100,22
2026-01-25T04:13:25Z,2026-01-25T05:26:48Z,076B6578B4384616B5880A1E8B7FFD1A,,www.amazon.ca,Kindle E-reader,GN433X105136074M,4586210041,Personal Document,4403100,87
2026-01-04T09:05:29Z,2026-01-04T09:05:40Z,29073688D73B4C11AACA6D3D2351B60D,,www.amazon.ca,Kindle E-reader,GN433X105136074M,4586210041,Personal Document,10600,3
2025-12-28T08:06:10Z,2025-12-28T08:06:13Z,,,www.amazon.ca,Kindle E-reader,GN433X105136074M,4586210041,SIDE,3200,1
2026-02-11T08:10:05Z,2026-02-11T08:10:08Z,6D216F6E29B947A8804B74EC2651AF00,,www.amazon.ca,Kindle E-reader,GN433X105136074M,4586210041,Personal Document,3200,1
2026-02-05T09:07:59Z,2026-02-05T09:08:05Z,19B3E1A0C08D4F828A835CC0580C675E,,www.amazon.ca,Kindle E-reader,GN433X105136074M,4586210041,Personal Document,6100,1
2025-12-30T10:44:19Z,2025-12-30T10:44:53Z,59A96E199C45437FA84D193F14C145BA,,www.amazon.ca,Kindle E-reader,GN433X105136074M,4586210041,Personal Document,34100,4
Not Available,2026-01-20T08:06:30Z,42661D548BA441B68265BD6CB2101F9D,,www.amazon.ca,Kindle E-reader,GN433X105136074M,,Personal Document,,
2026-01-11T22:38:34Z,2026-01-11T22:56:06Z,FE4FCD4E0BAD4791A6BF7DE6F9DD3AC3,,www.amazon.ca,Kindle E-reader,GN433X105136074M,4586210041,Personal Document,1051900,35
Not Available,2026-01-19T00:52:55Z,C5E55116FA1A46AFB2C5DFD300E475A8,,www.amazon.ca,Kindle E-reader,GN433X105136074M,,Personal Document,,
2026-01-04T11:25:24Z,2026-01-04T11:25:45Z,D5EFF15011854195B68281249C44311E,,www.amazon.ca,Kindle E-reader,GN433X105136074M,4586210041,Personal Document,21800,4
2026-01-03T02:21:46Z,2026-01-03T02:21:53Z,AE78ED9C066E419387279F75CE4F3CAC,,www.amazon.ca,Kindle E-reader,GN433X105136074M,4586210041,Personal Document,6800,1
2026-01-10T08:25:12Z,2026-01-10T08:46:58Z,F90795984FFA4037926AA94851BCC0AA,,www.amazon.ca,Kindle E-reader,GN433X105136074M,4586210041,Personal Document,1306000,22
2026-01-18T16:22:42Z,2026-01-18T16:22:55Z,C5E55116FA1A46AFB2C5DFD300E475A8,,www.amazon.ca,Kindle E-reader,GN433X105136074M,4586210041,Personal Document,13000,1
2025-12-28T09:09:07Z,2025-12-28T09:13:33Z,89064185C5624DE4993C5079369DE20C,,www.amazon.ca,Kindle E-reader,GN433X105136074M,4586210041,Personal Document,266000,19
2026-02-02T08:20:23Z,2026-02-02T08:20:28Z,19B3E1A0C08D4F828A835CC0580C675E,,www.amazon.ca,Kindle E-reader,GN433X105136074M,4586210041,Personal Document,5600,1
2026-01-19T03:07:14Z,2026-01-19T03:11:56Z,076B6578B4384616B5880A1E8B7FFD1A,,www.amazon.ca,Kindle E-reader,GN433X105136074M,4586210041,Personal Document,282400,11
2025-12-29T09:59:45Z,2025-12-29T10:00:00Z,89064185C5624DE4993C5079369DE20C,,www.amazon.ca,Kindle E-reader,GN433X105136074M,4586210041,Personal Document,15200,3
Not Available,2026-01-27T06:40:08Z,076B6578B4384616B5880A1E8B7FFD1A,,www.amazon.ca,Kindle E-reader,GN433X105136074M,,Personal Document,,
2026-02-14T09:04:01Z,2026-02-14T09:04:29Z,6D216F6E29B947A8804B74EC2651AF00,,www.amazon.ca,Kindle E-reader,GN433X105136074M,4586210041,Personal Document,28400,1
2026-01-04T11:27:31Z,2026-01-04T11:37:48Z,29073688D73B4C11AACA6D3D2351B60D,,www.amazon.ca,Kindle E-reader,GN433X105136074M,4586210041,Personal Document,617100,45
2026-02-02T02:07:09Z,2026-02-02T02:07:12Z,19B3E1A0C08D4F828A835CC0580C675E,,www.amazon.ca,Kindle E-reader,GN433X105136074M,4586210041,Personal Document,2900,1
2026-01-13T05:43:24Z,2026-01-13T05:53:47Z,847C8C95D06F4EC7A6E0439BA5EDA10C,,www.amazon.ca,Kindle E-reader,GN433X105136074M,4586210041,Personal Document,623600,2
2026-02-01T23:19:03Z,2026-02-01T23:39:36Z,19B3E1A0C08D4F828A835CC0580C675E,,www.amazon.ca,Kindle E-reader,GN433X105136074M,4586210041,Personal Document,1232900,52
2026-02-09T05:06:08Z,2026-02-09T05:22:51Z,19B3E1A0C08D4F828A835CC0580C675E,,www.amazon.ca,Kindle E-reader,GN433X105136074M,4586210041,Personal Document,1003100,7
2026-02-21T05:28:45Z,2026-02-21T05:47:21Z,6D216F6E29B947A8804B74EC2651AF00,,www.amazon.ca,Kindle E-reader,GN433X105136074M,4586210041,Personal Document,1116300,30
2026-02-11T08:17:46Z,2026-02-11T08:17:54Z,6D216F6E29B947A8804B74EC2651AF00,,www.amazon.ca,Kindle E-reader,GN433X105136074M,4586210041,Personal Document,8600,1
Not Available,2026-01-03T02:19:49Z,78E7887F8D2943A88F71739E98C89633,,www.amazon.ca,Kindle E-reader,GN433X105136074M,,Personal Document,,
2026-01-18T03:19:38Z,2026-01-18T03:19:52Z,C5E55116FA1A46AFB2C5DFD300E475A8,,www.amazon.ca,Kindle E-reader,GN433X105136074M,4586210041,Personal Document,14200,1
2025-12-27T21:49:30Z,2025-12-27T21:49:36Z,788C854093B54A26B6AF2F1930E887D2,,www.amazon.ca,Kindle E-reader,GN433X105136074M,4586210041,Personal Document,6700,2
Not Available,2026-02-22T09:03:25Z,0D60C9A7556B436E8E416830A370E048,,www.amazon.ca,Kindle E-reader,GN433X105136074M,,Personal Document,,
2025-12-28T09:05:28Z,2025-12-28T09:05:47Z,B23959E258BA46A1953FB06A7D24AC54,,www.amazon.ca,Kindle E-reader,GN433X105136074M,4586210041,Personal Document,19100,2
2026-02-11T07:36:03Z,2026-02-11T07:44:37Z,4ED3C87F5AA7450CAD2C6C8D2354EC41,,www.amazon.ca,Kindle E-reader,GN433X105136074M,4586210041,Personal Document,514500,23
2026-01-18T01:00:18Z,2026-01-18T01:00:23Z,C5E55116FA1A46AFB2C5DFD300E475A8,,www.amazon.ca,Kindle E-reader,GN433X105136074M,4586210041,Personal Document,5200,1
2026-01-17T20:13:14Z,2026-01-17T20:28:01Z,847C8C95D06F4EC7A6E0439BA5EDA10C,,www.amazon.ca,Kindle E-reader,GN433X105136074M,4586210041,Personal Document,887100,42
Not Available,2025-12-30T05:48:09Z,59A96E199C45437FA84D193F14C145BA,,www.amazon.ca,Kindle E-reader,GN433X105136074M,,Personal Document,,
2026-02-08T06:53:30Z,2026-02-08T07:32:52Z,19B3E1A0C08D4F828A835CC0580C675E,,www.amazon.ca,Kindle E-reader,GN433X105136074M,4586210041,Personal Document,2361900,44
2026-01-26T08:30:22Z,2026-01-26T08:30:25Z,076B6578B4384616B5880A1E8B7FFD1A,,www.amazon.ca,Kindle E-reader,GN433X105136074M,4586210041,Personal Document,3200,1
2026-02-12T06:16:23Z,2026-02-12T06:29:37Z,6D216F6E29B947A8804B74EC2651AF00,,www.amazon.ca,Kindle E-reader,GN433X105136074M,4586210041,Personal Document,793500,15
Not Available,2026-02-11T07:58:54Z,4ED3C87F5AA7450CAD2C6C8D2354EC41,,www.amazon.ca,Kindle E-reader,GN433X105136074M,,Personal Document,,
2025-12-31T10:23:52Z,2025-12-31T10:36:52Z,D5EFF15011854195B68281249C44311E,,www.amazon.ca,Kindle E-reader,GN433X105136074M,4586210041,Personal Document,779500,18
2026-02-17T05:04:26Z,2026-02-17T05:35:16Z,6D216F6E29B947A8804B74EC2651AF00,,www.amazon.ca,Kindle E-reader,GN433X105136074M,4586210041,Personal Document,1849300,28
2026-01-04T09:05:44Z,2026-01-04T09:06:31Z,29073688D73B4C11AACA6D3D2351B60D,,www.amazon.ca,Kindle E-reader,GN433X105136074M,4586210041,Personal Document,46800,13
2026-01-03T11:25:13Z,2026-01-03T11:25:22Z,54A5A9B3503F4D9B9EF712B687F7E7B1,,www.amazon.ca,Kindle E-reader,GN433X105136074M,4586210041,Personal Document,8900,1
2026-01-02T11:45:54Z,2026-01-02T11:45:57Z,D5EFF15011854195B68281249C44311E,,www.amazon.ca,Kindle E-reader,GN433X105136074M,4586210041,Personal Document,3400,1
2026-02-08T01:53:03Z,2026-02-08T02:03:03Z,19B3E1A0C08D4F828A835CC0580C675E,,www.amazon.ca,Kindle E-reader,GN433X105136074M,4586210041,Personal Document,599900,1
Not Available,2026-01-20T07:26:35Z,42661D548BA441B68265BD6CB2101F9D,,www.amazon.ca,Kindle E-reader,GN433X105136074M,,Personal Document,,
2026-01-18T03:49:33Z,2026-01-18T03:49:43Z,076B6578B4384616B5880A1E8B7FFD1A,,www.amazon.ca,Kindle E-reader,GN433X105136074M,4586210041,Personal Document,9500,5
2026-01-02T11:45:28Z,2026-01-02T11:45:32Z,01CA9E9573B94A098A9DF27C38AAACEC,,www.amazon.ca,Kindle E-reader,GN433X105136074M,4586210041,Personal Document,4300,1
2026-01-02T11:45:39Z,2026-01-02T11:45:47Z,65C2E1E36CB6476D85D08DA0BAB4315D,,www.amazon.ca,Kindle E-reader,GN433X105136074M,4586210041,Personal Document,7700,1
Not Available,2025-12-29T10:42:40Z,89064185C5624DE4993C5079369DE20C,,www.amazon.ca,Kindle E-reader,GN433X105136074M,,Personal Document,,
2026-02-14T04:48:14Z,2026-02-14T05:04:10Z,6D216F6E29B947A8804B74EC2651AF00,,www.amazon.ca,Kindle E-reader,GN433X105136074M,4586210041,Personal Document,955400,14
2025-12-28T09:08:04Z,2025-12-28T09:08:11Z,89064185C5624DE4993C5079369DE20C,,www.amazon.ca,Kindle E-reader,GN433X105136074M,4586210041,Personal Document,6700,1
2026-01-27T07:59:49Z,2026-01-27T08:00:00Z,19B3E1A0C08D4F828A835CC0580C675E,,www.amazon.ca,Kindle E-reader,GN433X105136074M,4586210041,Personal Document,10400,2
2026-01-09T08:03:21Z,2026-01-09T08:12:28Z,F90795984FFA4037926AA94851BCC0AA,,www.amazon.ca,Kindle E-reader,GN433X105136074M,4586210041,Personal Document,547800,12
2026-02-09T04:51:56Z,2026-02-09T04:52:30Z,4ED3C87F5AA7450CAD2C6C8D2354EC41,,www.amazon.ca,Kindle E-reader,GN433X105136074M,4586210041,Personal Document,33900,6
2026-01-13T07:17:41Z,2026-01-13T08:14:19Z,847C8C95D06F4EC7A6E0439BA5EDA10C,,www.amazon.ca,Kindle E-reader,GN433X105136074M,4586210041,Personal Document,3397900,101
2026-01-18T00:55:42Z,2026-01-18T00:55:45Z,C5E55116FA1A46AFB2C5DFD300E475A8,,www.amazon.ca,Kindle E-reader,GN433X105136074M,4586210041,Personal Document,2400,1
2025-12-28T07:49:38Z,2025-12-28T07:51:51Z,89064185C5624DE4993C5079369DE20C,,www.amazon.ca,Kindle E-reader,GN433X105136074M,4586210041,Personal Document,133200,9
2026-02-19T06:06:31Z,2026-02-19T06:53:25Z,6D216F6E29B947A8804B74EC2651AF00,,www.amazon.ca,Kindle E-reader,GN433X105136074M,4586210041,Personal Document,2814300,131
2026-01-01T02:34:30Z,2026-01-01T02:34:39Z,D5EFF15011854195B68281249C44311E,,www.amazon.ca,Kindle E-reader,GN433X105136074M,4586210041,Personal Document,8900,1
2025-12-30T11:20:45Z,2025-12-30T11:40:57Z,D5EFF15011854195B68281249C44311E,,www.amazon.ca,Kindle E-reader,GN433X105136074M,4586210041,Personal Document,1212200,62
2026-01-03T02:35:36Z,2026-01-03T02:35:39Z,01CA9E9573B94A098A9DF27C38AAACEC,,www.amazon.ca,Kindle E-reader,GN433X105136074M,4586210041,Personal Document,3000,1
Not Available,2026-01-19T03:07:11Z,59A96E199C45437FA84D193F14C145BA,,www.amazon.ca,Kindle E-reader,GN433X105136074M,,Personal Document,,
2025-12-29T11:34:07Z,2025-12-29T11:34:20Z,01CA9E9573B94A098A9DF27C38AAACEC,,www.amazon.ca,Kindle E-reader,GN433X105136074M,4586210041,Personal Document,13400,11
Not Available,2025-12-27T21:49:36Z,788C854093B54A26B6AF2F1930E887D2,,www.amazon.ca,Kindle E-reader,GN433X105136074M,,Personal Document,,
2026-02-09T02:05:32Z,2026-02-09T02:36:23Z,19B3E1A0C08D4F828A835CC0580C675E,,www.amazon.ca,Kindle E-reader,GN433X105136074M,4586210041,Personal Document,1851100,101
2026-01-03T02:21:36Z,2026-01-03T02:21:43Z,05B583E55E6E496F870ABD566734FAE8,,www.amazon.ca,Kindle E-reader,GN433X105136074M,4586210041,Personal Document,6400,1
2026-02-05T06:45:17Z,2026-02-05T07:01:10Z,19B3E1A0C08D4F828A835CC0580C675E,,www.amazon.ca,Kindle E-reader,GN433X105136074M,4586210041,Personal Document,952600,20
2026-01-19T02:44:12Z,2026-01-19T02:54:12Z,076B6578B4384616B5880A1E8B7FFD1A,,www.amazon.ca,Kindle E-reader,GN433X105136074M,4586210041,Personal Document,599900,1
2025-12-29T11:34:21Z,2025-12-29T11:37:53Z,D5EFF15011854195B68281249C44311E,,www.amazon.ca,Kindle E-reader,GN433X105136074M,4586210041,Personal Document,212300,18
2026-01-03T02:19:55Z,2026-01-03T02:20:04Z,78E7887F8D2943A88F71739E98C89633,,www.amazon.ca,Kindle E-reader,GN433X105136074M,4586210041,Personal Document,9500,1
2026-01-18T00:57:41Z,2026-01-18T00:58:05Z,C5E55116FA1A46AFB2C5DFD300E475A8,,www.amazon.ca,Kindle E-reader,GN433X105136074M,4586210041,Personal Document,23700,5
2026-01-29T05:46:29Z,2026-01-29T06:01:46Z,19B3E1A0C08D4F828A835CC0580C675E,,www.amazon.ca,Kindle E-reader,GN433X105136074M,4586210041,Personal Document,917100,37
2026-02-16T08:26:49Z,2026-02-16T09:44:38Z,6D216F6E29B947A8804B74EC2651AF00,,www.amazon.ca,Kindle E-reader,GN433X105136074M,4586210041,Personal Document,4668500,107
2026-02-20T06:31:10Z,2026-02-20T06:53:26Z,6D216F6E29B947A8804B74EC2651AF00,,www.amazon.ca,Kindle E-reader,GN433X105136074M,4586210041,Personal Document,1336200,12
2025-12-29T10:56:37Z,2025-12-29T10:57:26Z,D5EFF15011854195B68281249C44311E,,www.amazon.ca,Kindle E-reader,GN433X105136074M,4586210041,Personal Document,48100,5
2026-01-19T00:49:13Z,2026-01-19T00:52:15Z,076B6578B4384616B5880A1E8B7FFD1A,,www.amazon.ca,Kindle E-reader,GN433X105136074M,4586210041,Personal Document,181700,1
2026-02-07T07:12:41Z,2026-02-07T07:46:21Z,19B3E1A0C08D4F828A835CC0580C675E,,www.amazon.ca,Kindle E-reader,GN433X105136074M,4586210041,Personal Document,2020100,70
2026-01-03T02:26:45Z,2026-01-03T02:27:10Z,D5EFF15011854195B68281249C44311E,,www.amazon.ca,Kindle E-reader,GN433X105136074M,4586210041,Personal Document,24700,1
2026-02-20T09:01:39Z,2026-02-20T09:04:52Z,6D216F6E29B947A8804B74EC2651AF00,,www.amazon.ca,Kindle E-reader,GN433X105136074M,4586210041,Personal Document,193200,20
2025-12-28T09:19:01Z,2025-12-28T09:37:56Z,89064185C5624DE4993C5079369DE20C,,www.amazon.ca,Kindle E-reader,GN433X105136074M,4586210041,Personal Document,1135100,32
2026-01-12T09:12:44Z,2026-01-12T09:19:12Z,C5E55116FA1A46AFB2C5DFD300E475A8,,www.amazon.ca,Kindle E-reader,GN433X105136074M,4586210041,Personal Document,387600,26
2026-02-03T07:08:33Z,2026-02-03T07:17:36Z,19B3E1A0C08D4F828A835CC0580C675E,,www.amazon.ca,Kindle E-reader,GN433X105136074M,4586210041,Personal Document,542600,24
2026-02-19T08:26:09Z,2026-02-19T08:54:57Z,6D216F6E29B947A8804B74EC2651AF00,,www.amazon.ca,Kindle E-reader,GN433X105136074M,4586210041,Personal Document,1727700,33
2026-01-18T02:59:36Z,2026-01-18T03:09:08Z,C5E55116FA1A46AFB2C5DFD300E475A8,,www.amazon.ca,Kindle E-reader,GN433X105136074M,4586210041,Personal Document,572300,6
Not Available,2026-01-03T02:21:53Z,AE78ED9C066E419387279F75CE4F3CAC,,www.amazon.ca,Kindle E-reader,GN433X105136074M,,Personal Document,,
2025-12-28T09:17:53Z,2025-12-28T09:18:58Z,89064185C5624DE4993C5079369DE20C,,www.amazon.ca,Kindle E-reader,GN433X105136074M,4586210041,Personal Document,65000,3
2026-01-25T04:00:14Z,2026-01-25T04:12:55Z,076B6578B4384616B5880A1E8B7FFD1A,,www.amazon.ca,Kindle E-reader,GN433X105136074M,4586210041,Personal Document,760400,8
2026-02-08T03:53:43Z,2026-02-08T04:10:06Z,19B3E1A0C08D4F828A835CC0580C675E,,www.amazon.ca,Kindle E-reader,GN433X105136074M,4586210041,Personal Document,982900,6
2026-02-15T20:44:24Z,2026-02-15T21:12:09Z,6D216F6E29B947A8804B74EC2651AF00,,www.amazon.ca,Kindle E-reader,GN433X105136074M,4586210041,Personal Document,1665500,72
2026-02-15T22:30:16Z,2026-02-15T23:12:55Z,6D216F6E29B947A8804B74EC2651AF00,,www.amazon.ca,Kindle E-reader,GN433X105136074M,4586210041,Personal Document,2558800,53
2026-02-01T06:52:11Z,2026-02-01T07:14:03Z,1A09B927E0C74FABBDF6B99408596102,,www.amazon.ca,Kindle E-reader,GN433X105136074M,4586210041,Personal Document,1311900,35
2025-12-29T11:01:35Z,2025-12-29T11:32:25Z,D5EFF15011854195B68281249C44311E,,www.amazon.ca,Kindle E-reader,GN433X105136074M,4586210041,Personal Document,1849600,84
2025-12-28T09:07:33Z,2025-12-28T09:07:51Z,9589E9ED671B4D09B1C63516FBBA6C6C,,www.amazon.ca,Kindle E-reader,GN433X105136074M,4586210041,Personal Document,17600,2
2026-02-19T02:43:14Z,2026-02-19T02:43:17Z,6D216F6E29B947A8804B74EC2651AF00,,www.amazon.ca,,274F3C10F99A4561ADCBFDDD57F97165,1191418256,Personal Document,3100,1
2026-02-08T20:45:08Z,2026-02-08T20:53:56Z,19B3E1A0C08D4F828A835CC0580C675E,,www.amazon.ca,Kindle E-reader,GN433X105136074M,4586210041,Personal Document,528200,17
2026-02-04T08:04:30Z,2026-02-04T08:24:54Z,19B3E1A0C08D4F828A835CC0580C675E,,www.amazon.ca,Kindle E-reader,GN433X105136074M,4586210041,Personal Document,1223400,52
2026-01-17T10:03:51Z,2026-01-17T10:04:00Z,847C8C95D06F4EC7A6E0439BA5EDA10C,,www.amazon.ca,Kindle E-reader,GN433X105136074M,4586210041,Personal Document,9000,1
2026-01-12T01:04:25Z,2026-01-12T01:32:26Z,FE4FCD4E0BAD4791A6BF7DE6F9DD3AC3,,www.amazon.ca,Kindle E-reader,GN433X105136074M,4586210041,Personal Document,1681100,45
2025-12-28T10:06:38Z,2025-12-28T10:48:34Z,89064185C5624DE4993C5079369DE20C,,www.amazon.ca,Kindle E-reader,GN433X105136074M,4586210041,Personal Document,2515400,162
2026-01-19T00:52:16Z,2026-01-19T00:52:55Z,C5E55116FA1A46AFB2C5DFD300E475A8,,www.amazon.ca,Kindle E-reader,GN433X105136074M,4586210041,Personal Document,38900,2
2026-01-14T07:54:16Z,2026-01-14T08:05:08Z,847C8C95D06F4EC7A6E0439BA5EDA10C,,www.amazon.ca,Kindle E-reader,GN433X105136074M,4586210041,Personal Document,651600,20
2025-12-28T09:04:56Z,2025-12-28T09:05:25Z,54A5A9B3503F4D9B9EF712B687F7E7B1,,www.amazon.ca,Kindle E-reader,GN433X105136074M,4586210041,Personal Document,28200,7
2026-02-07T22:43:32Z,2026-02-07T23:07:08Z,19B3E1A0C08D4F828A835CC0580C675E,,www.amazon.ca,Kindle E-reader,GN433X105136074M,4586210041,Personal Document,1416200,25
2025-12-31T09:13:30Z,2025-12-31T09:13:37Z,29073688D73B4C11AACA6D3D2351B60D,,www.amazon.ca,Kindle E-reader,GN433X105136074M,4586210041,Personal Document,7300,3
2026-02-19T04:43:54Z,2026-02-19T04:44:00Z,6D216F6E29B947A8804B74EC2651AF00,,www.amazon.ca,Kindle E-reader,GN433X105136074M,4586210041,Personal Document,5800,1
2026-01-28T06:41:11Z,2026-01-28T06:44:31Z,19B3E1A0C08D4F828A835CC0580C675E,,www.amazon.ca,Kindle E-reader,GN433X105136074M,4586210041,Personal Document,199300,4
2026-02-22T02:16:19Z,2026-02-22T02:16:30Z,19B3E1A0C08D4F828A835CC0580C675E,,www.amazon.ca,Kindle E-reader,GN433X105136074M,4586210041,Personal Document,11500,1
2026-02-11T08:13:36Z,2026-02-11T08:13:48Z,4ED3C87F5AA7450CAD2C6C8D2354EC41,,www.amazon.ca,Kindle E-reader,GN433X105136074M,4586210041,Personal Document,11900,2
2026-02-05T04:46:19Z,2026-02-05T05:45:27Z,19B3E1A0C08D4F828A835CC0580C675E,,www.amazon.ca,Kindle E-reader,GN433X105136074M,4586210041,Personal Document,3547900,83
2026-02-02T05:45:19Z,2026-02-02T05:45:28Z,19B3E1A0C08D4F828A835CC0580C675E,,www.amazon.ca,Kindle E-reader,GN433X105136074M,4586210041,Personal Document,9400,1
2026-02-07T23:38:34Z,2026-02-07T23:54:43Z,19B3E1A0C08D4F828A835CC0580C675E,,www.amazon.ca,Kindle E-reader,GN433X105136074M,4586210041,Personal Document,968400,27
2026-02-11T07:15:23Z,2026-02-11T07:15:28Z,19B3E1A0C08D4F828A835CC0580C675E,,www.amazon.ca,Kindle E-reader,GN433X105136074M,4586210041,Personal Document,4700,1
2026-01-17T20:02:22Z,2026-01-17T20:09:41Z,847C8C95D06F4EC7A6E0439BA5EDA10C,,www.amazon.ca,Kindle E-reader,GN433X105136074M,4586210041,Personal Document,439300,10
2026-02-05T02:28:41Z,2026-02-05T02:29:27Z,19B3E1A0C08D4F828A835CC0580C675E,,www.amazon.ca,Kindle E-reader,GN433X105136074M,4586210041,Personal Document,46700,5
2026-02-17T02:26:24Z,2026-02-17T03:17:10Z,6D216F6E29B947A8804B74EC2651AF00,,www.amazon.ca,Kindle E-reader,GN433X105136074M,4586210041,Personal Document,3045200,59
2026-01-12T03:11:17Z,2026-01-12T03:13:34Z,3C62C94C637A4554B4472B6174DB48CD,,www.amazon.ca,Kindle E-reader,GN433X105136074M,4586210041,Personal Document,136900,1
2026-02-05T03:30:18Z,2026-02-05T03:52:32Z,19B3E1A0C08D4F828A835CC0580C675E,,www.amazon.ca,Kindle E-reader,GN433X105136074M,4586210041,Personal Document,1334300,23
2026-01-18T22:41:03Z,2026-01-18T22:41:06Z,C5E55116FA1A46AFB2C5DFD300E475A8,,www.amazon.ca,Kindle E-reader,GN433X105136074M,4586210041,Personal Document,2900,1
2026-01-10T20:11:46Z,2026-01-10T20:14:46Z,54A5A9B3503F4D9B9EF712B687F7E7B1,,www.amazon.ca,Kindle E-reader,GN433X105136074M,4586210041,Personal Document,180000,136
2026-02-07T02:44:40Z,2026-02-07T03:02:44Z,19B3E1A0C08D4F828A835CC0580C675E,,www.amazon.ca,Kindle E-reader,GN433X105136074M,4586210041,Personal Document,1083600,2
2026-02-09T04:50:51Z,2026-02-09T04:51:51Z,4ED3C87F5AA7450CAD2C6C8D2354EC41,,www.amazon.ca,Kindle E-reader,GN433X105136074M,4586210041,Personal Document,60700,6
2026-02-03T06:47:03Z,2026-02-03T06:50:31Z,1A09B927E0C74FABBDF6B99408596102,,www.amazon.ca,Kindle E-reader,GN433X105136074M,4586210041,Personal Document,208900,53
2026-01-12T08:06:15Z,2026-01-12T08:16:52Z,3C62C94C637A4554B4472B6174DB48CD,,www.amazon.ca,Kindle E-reader,GN433X105136074M,4586210041,Personal Document,636600,12
2026-02-07T04:46:10Z,2026-02-07T05:21:50Z,19B3E1A0C08D4F828A835CC0580C675E,,www.amazon.ca,Kindle E-reader,GN433X105136074M,4586210041,Personal Document,2140300,59
2026-01-04T11:25:16Z,2026-01-04T11:25:20Z,D5EFF15011854195B68281249C44311E,,www.amazon.ca,Kindle E-reader,GN433X105136074M,4586210041,Personal Document,3800,1
2026-02-16T07:47:52Z,2026-02-16T07:49:41Z,19B3E1A0C08D4F828A835CC0580C675E,,www.amazon.ca,Kindle E-reader,GN433X105136074M,4586210041,Personal Document,108700,4
2026-01-03T02:36:46Z,2026-01-03T02:36:50Z,D5EFF15011854195B68281249C44311E,,www.amazon.ca,Kindle E-reader,GN433X105136074M,4586210041,Personal Document,3300,1
2026-02-08T23:58:32Z,2026-02-09T00:29:37Z,19B3E1A0C08D4F828A835CC0580C675E,,www.amazon.ca,Kindle E-reader,GN433X105136074M,4586210041,Personal Document,1865800,31
2026-01-27T04:02:28Z,2026-01-27T04:05:55Z,076B6578B4384616B5880A1E8B7FFD1A,,www.amazon.ca,Kindle E-reader,GN433X105136074M,4586210041,Personal Document,207000,1
2026-01-18T03:18:14Z,2026-01-18T03:18:18Z,84E5C44F27ED4C06AC4253403B52E124,,www.amazon.ca,Kindle E-reader,GN433X105136074M,4586210041,Personal Document,3800,1
Not Available,2026-01-12T02:00:46Z,FE4FCD4E0BAD4791A6BF7DE6F9DD3AC3,,www.amazon.ca,Kindle E-reader,GN433X105136074M,,Personal Document,,
Not Available,2026-01-12T09:12:42Z,3C62C94C637A4554B4472B6174DB48CD,,www.amazon.ca,Kindle E-reader,GN433X105136074M,,Personal Document,,
2025-12-28T11:56:21Z,2025-12-28T12:01:28Z,89064185C5624DE4993C5079369DE20C,,www.amazon.ca,Kindle E-reader,GN433X105136074M,4586210041,Personal Document,307900,23
2026-02-01T07:54:37Z,2026-02-01T08:10:35Z,1A09B927E0C74FABBDF6B99408596102,,www.amazon.ca,Kindle E-reader,GN433X105136074M,4586210041,Personal Document,958400,13
2026-01-04T11:24:22Z,2026-01-04T11:25:13Z,F90795984FFA4037926AA94851BCC0AA,,www.amazon.ca,Kindle E-reader,GN433X105136074M,4586210041,Personal Document,51900,3
2026-01-25T20:11:12Z,2026-01-25T20:18:43Z,076B6578B4384616B5880A1E8B7FFD1A,,www.amazon.ca,Kindle E-reader,GN433X105136074M,4586210041,Personal Document,451100,32
2025-12-30T11:04:52Z,2025-12-30T11:20:44Z,D5EFF15011854195B68281249C44311E,,www.amazon.ca,Kindle E-reader,GN433X105136074M,4586210041,Personal Document,951700,33
2026-02-11T21:45:55Z,2026-02-11T21:51:02Z,6D216F6E29B947A8804B74EC2651AF00,,www.amazon.ca,Kindle E-reader,GN433X105136074M,4586210041,Personal Document,306800,8
2026-02-14T23:43:23Z,2026-02-15T00:18:31Z,6D216F6E29B947A8804B74EC2651AF00,,www.amazon.ca,Kindle E-reader,GN433X105136074M,4586210041,Personal Document,2107300,66
2026-02-09T04:52:39Z,2026-02-09T05:05:44Z,19B3E1A0C08D4F828A835CC0580C675E,,www.amazon.ca,Kindle E-reader,GN433X105136074M,4586210041,Personal Document,785000,3
2026-02-16T07:19:12Z,2026-02-16T07:19:30Z,19B3E1A0C08D4F828A835CC0580C675E,,www.amazon.ca,Kindle E-reader,GN433X105136074M,4586210041,Personal Document,18200,1
2026-01-26T08:29:26Z,2026-01-26T08:29:33Z,66E13A43889B4FD68EC8281BF07FD1D4,,www.amazon.ca,Kindle E-reader,GN433X105136074M,4586210041,Personal Document,6400,1
Not Available,2025-12-29T10:56:35Z,29073688D73B4C11AACA6D3D2351B60D,,www.amazon.ca,Kindle E-reader,GN433X105136074M,,Personal Document,,
2026-02-16T22:47:27Z,2026-02-16T22:52:02Z,6D216F6E29B947A8804B74EC2651AF00,,www.amazon.ca,Kindle E-reader,GN433X105136074M,4586210041,Personal Document,275400,5
2026-02-11T07:26:44Z,2026-02-11T07:36:01Z,4ED3C87F5AA7450CAD2C6C8D2354EC41,,www.amazon.ca,Kindle E-reader,GN433X105136074M,4586210041,Personal Document,557100,23
2026-01-25T00:45:17Z,2026-01-25T00:45:37Z,076B6578B4384616B5880A1E8B7FFD1A,,www.amazon.ca,Kindle E-reader,GN433X105136074M,4586210041,Personal Document,20200,1
2025-12-30T23:25:23Z,2025-12-30T23:26:21Z,B23959E258BA46A1953FB06A7D24AC54,,www.amazon.ca,Kindle E-reader,GN433X105136074M,4586210041,Personal Document,57500,3
2026-01-27T07:07:23Z,2026-01-27T07:07:29Z,AECA91816536424CB079D9D08497A4EE,,www.amazon.ca,Kindle E-reader,GN433X105136074M,4586210041,Personal Document,6500,1
2026-02-10T06:54:49Z,2026-02-10T07:04:49Z,19B3E1A0C08D4F828A835CC0580C675E,,www.amazon.ca,Kindle E-reader,GN433X105136074M,4586210041,Personal Document,599900,1
2026-01-03T00:27:51Z,2026-01-03T00:28:38Z,D5EFF15011854195B68281249C44311E,,www.amazon.ca,Kindle E-reader,GN433X105136074M,4586210041,Personal Document,47000,1
2026-02-11T08:14:04Z,2026-02-11T08:14:13Z,6D216F6E29B947A8804B74EC2651AF00,,www.amazon.ca,Kindle E-reader,GN433X105136074M,4586210041,Personal Document,9000,5
2026-01-18T23:36:33Z,2026-01-18T23:38:22Z,C5E55116FA1A46AFB2C5DFD300E475A8,,www.amazon.ca,Kindle E-reader,GN433X105136074M,4586210041,Personal Document,108700,7
2025-12-29T10:59:13Z,2025-12-29T10:59:17Z,B23959E258BA46A1953FB06A7D24AC54,,www.amazon.ca,Kindle E-reader,GN433X105136074M,4586210041,Personal Document,4400,1
2026-02-15T01:03:19Z,2026-02-15T01:04:43Z,6D216F6E29B947A8804B74EC2651AF00,,www.amazon.ca,Kindle E-reader,GN433X105136074M,4586210041,Personal Document,83500,9
2026-02-22T07:47:51Z,2026-02-22T07:48:25Z,19B3E1A0C08D4F828A835CC0580C675E,,www.amazon.ca,Kindle E-reader,GN433X105136074M,4586210041,Personal Document,34500,1
2026-02-22T09:03:27Z,2026-02-22T09:03:31Z,0D60C9A7556B436E8E416830A370E048,,www.amazon.ca,Kindle E-reader,GN433X105136074M,4586210041,Personal Document,3400,1
Not Available,2025-12-31T09:13:37Z,29073688D73B4C11AACA6D3D2351B60D,,www.amazon.ca,Kindle E-reader,GN433X105136074M,,Personal Document,,
2025-12-28T08:58:36Z,2025-12-28T08:58:42Z,89064185C5624DE4993C5079369DE20C,,www.amazon.ca,Kindle E-reader,GN433X105136074M,4586210041,Personal Document,5300,1
2026-01-27T05:28:48Z,2026-01-27T05:52:44Z,076B6578B4384616B5880A1E8B7FFD1A,,www.amazon.ca,Kindle E-reader,GN433X105136074M,4586210041,Personal Document,1436200,64
2026-01-11T22:56:33Z,2026-01-11T23:30:39Z,FE4FCD4E0BAD4791A6BF7DE6F9DD3AC3,,www.amazon.ca,Kindle E-reader,GN433X105136074M,4586210041,Personal Document,2046300,51
2026-02-01T22:18:23Z,2026-02-01T22:29:18Z,1A09B927E0C74FABBDF6B99408596102,,www.amazon.ca,Kindle E-reader,GN433X105136074M,4586210041,Personal Document,655700,45
2025-12-30T05:44:37Z,2025-12-30T05:45:01Z,59A96E199C45437FA84D193F14C145BA,,www.amazon.ca,Kindle E-reader,GN433X105136074M,4586210041,Personal Document,24300,8
2026-01-26T08:28:46Z,2026-01-26T08:29:07Z,076B6578B4384616B5880A1E8B7FFD1A,,www.amazon.ca,Kindle E-reader,GN433X105136074M,4586210041,Personal Document,21600,1
2026-02-01T06:22:04Z,2026-02-01T06:22:35Z,1A09B927E0C74FABBDF6B99408596102,,www.amazon.ca,Kindle E-reader,GN433X105136074M,4586210041,Personal Document,30700,4
2026-01-18T02:58:32Z,2026-01-18T02:59:26Z,C5E55116FA1A46AFB2C5DFD300E475A8,,www.amazon.ca,Kindle E-reader,GN433X105136074M,4586210041,Personal Document,53700,1
2026-01-22T05:37:57Z,2026-01-22T05:41:52Z,076B6578B4384616B5880A1E8B7FFD1A,,www.amazon.ca,Kindle E-reader,GN433X105136074M,4586210041,Personal Document,235300,11
2025-12-31T03:40:03Z,2025-12-31T03:41:50Z,59A96E199C45437FA84D193F14C145BA,,www.amazon.ca,Kindle E-reader,GN433X105136074M,4586210041,Personal Document,107400,33
2025-12-28T09:14:59Z,2025-12-28T09:16:26Z,89064185C5624DE4993C5079369DE20C,,www.amazon.ca,Kindle E-reader,GN433X105136074M,4586210041,Personal Document,87000,14
2026-02-02T04:44:14Z,2026-02-02T04:44:20Z,1A09B927E0C74FABBDF6B99408596102,,www.amazon.ca,Kindle E-reader,GN433X105136074M,4586210041,Personal Document,6300,1
2026-01-18T22:42:31Z,2026-01-18T22:57:42Z,C5E55116FA1A46AFB2C5DFD300E475A8,,www.amazon.ca,Kindle E-reader,GN433X105136074M,4586210041,Personal Document,911000,20
2026-02-01T22:40:47Z,2026-02-01T22:40:52Z,1A09B927E0C74FABBDF6B99408596102,,www.amazon.ca,Kindle E-reader,GN433X105136074M,4586210041,Personal Document,4600,1
2026-02-16T01:01:55Z,2026-02-16T01:11:55Z,6D216F6E29B947A8804B74EC2651AF00,,www.amazon.ca,Kindle E-reader,GN433X105136074M,4586210041,Personal Document,599900,1
2026-02-16T00:15:10Z,2026-02-16T00:52:42Z,6D216F6E29B947A8804B74EC2651AF00,,www.amazon.ca,Kindle E-reader,GN433X105136074M,4586210041,Personal Document,2252000,21
2026-01-25T09:02:25Z,2026-01-25T09:06:16Z,076B6578B4384616B5880A1E8B7FFD1A,,www.amazon.ca,Kindle E-reader,GN433X105136074M,4586210041,Personal Document,230800,6
2026-02-17T06:34:38Z,2026-02-17T07:11:44Z,6D216F6E29B947A8804B74EC2651AF00,,www.amazon.ca,Kindle E-reader,GN433X105136074M,4586210041,Personal Document,2226500,39
2026-02-01T22:41:01Z,2026-02-01T22:47:15Z,19B3E1A0C08D4F828A835CC0580C675E,,www.amazon.ca,Kindle E-reader,GN433X105136074M,4586210041,Personal Document,374400,21
2025-12-31T09:15:34Z,2025-12-31T10:02:15Z,D5EFF15011854195B68281249C44311E,,www.amazon.ca,Kindle E-reader,GN433X105136074M,4586210041,Personal Document,2801100,65
2026-02-22T02:15:30Z,2026-02-22T02:15:35Z,6D216F6E29B947A8804B74EC2651AF00,,www.amazon.ca,Kindle E-reader,GN433X105136074M,4586210041,Personal Document,5600,1
2026-01-18T22:21:04Z,2026-01-18T22:33:05Z,C5E55116FA1A46AFB2C5DFD300E475A8,,www.amazon.ca,Kindle E-reader,GN433X105136074M,4586210041,Personal Document,720400,5
2026-02-11T08:05:36Z,2026-02-11T08:05:42Z,4ED3C87F5AA7450CAD2C6C8D2354EC41,,www.amazon.ca,,274F3C10F99A4561ADCBFDDD57F97165,1191418256,Personal Document,5500,2
2026-02-22T06:46:02Z,2026-02-22T07:04:47Z,6D216F6E29B947A8804B74EC2651AF00,,www.amazon.ca,Kindle E-reader,GN433X105136074M,4586210041,Personal Document,1124500,37
2025-12-27T23:14:07Z,2025-12-27T23:14:25Z,B23959E258BA46A1953FB06A7D24AC54,,www.amazon.ca,Kindle E-reader,GN433X105136074M,4586210041,Personal Document,18000,10
2026-02-04T07:08:31Z,2026-02-04T07:58:08Z,19B3E1A0C08D4F828A835CC0580C675E,,www.amazon.ca,Kindle E-reader,GN433X105136074M,4586210041,Personal Document,2976700,150
2026-02-19T02:29:13Z,2026-02-19T02:29:25Z,6D216F6E29B947A8804B74EC2651AF00,,www.amazon.ca,,274F3C10F99A4561ADCBFDDD57F97165,1191418256,Personal Document,12100,1
2026-02-16T22:01:24Z,2026-02-16T22:01:41Z,19B3E1A0C08D4F828A835CC0580C675E,,www.amazon.ca,Kindle E-reader,GN433X105136074M,4586210041,Personal Document,16900,1
2026-02-13T05:36:09Z,2026-02-13T05:37:00Z,6D216F6E29B947A8804B74EC2651AF00,,www.amazon.ca,Kindle E-reader,GN433X105136074M,4586210041,Personal Document,50800,1
Not Available,2026-01-18T21:40:14Z,C5E55116FA1A46AFB2C5DFD300E475A8,,www.amazon.ca,Kindle E-reader,GN433X105136074M,,Personal Document,,
2025-12-29T09:59:28Z,2025-12-29T09:59:32Z,89064185C5624DE4993C5079369DE20C,,www.amazon.ca,Kindle E-reader,GN433X105136074M,4586210041,Personal Document,4200,1
2026-01-17T19:03:03Z,2026-01-17T19:58:29Z,847C8C95D06F4EC7A6E0439BA5EDA10C,,www.amazon.ca,Kindle E-reader,GN433X105136074M,4586210041,Personal Document,3326100,105
2026-01-18T00:59:42Z,2026-01-18T00:59:45Z,59A96E199C45437FA84D193F14C145BA,,www.amazon.ca,Kindle E-reader,GN433X105136074M,4586210041,Personal Document,3700,1
2026-02-16T21:30:53Z,2026-02-16T21:32:54Z,6D216F6E29B947A8804B74EC2651AF00,,www.amazon.ca,Kindle E-reader,GN433X105136074M,4586210041,Personal Document,121200,1
2026-01-18T00:57:19Z,2026-01-18T00:57:36Z,C5E55116FA1A46AFB2C5DFD300E475A8,,www.amazon.ca,Kindle E-reader,GN433X105136074M,4586210041,Personal Document,17800,1
2026-02-11T08:15:37Z,2026-02-11T08:15:38Z,19B3E1A0C08D4F828A835CC0580C675E,,www.amazon.ca,Kindle E-reader,GN433X105136074M,4586210041,Personal Document,1400,1
2026-01-19T00:32:44Z,2026-01-19T00:49:11Z,C5E55116FA1A46AFB2C5DFD300E475A8,,www.amazon.ca,Kindle E-reader,GN433X105136074M,4586210041,Personal Document,987200,31
2026-01-18T16:20:15Z,2026-01-18T16:22:39Z,076B6578B4384616B5880A1E8B7FFD1A,,www.amazon.ca,Kindle E-reader,GN433X105136074M,4586210041,Personal Document,144000,17
2026-01-27T07:12:13Z,2026-01-27T07:12:56Z,076B6578B4384616B5880A1E8B7FFD1A,,www.amazon.ca,Kindle E-reader,GN433X105136074M,4586210041,Personal Document,42800,44
2026-01-03T02:20:24Z,2026-01-03T02:20:28Z,78E7887F8D2943A88F71739E98C89633,,www.amazon.ca,Kindle E-reader,GN433X105136074M,4586210041,Personal Document,4100,2
2026-02-16T06:41:17Z,2026-02-16T07:19:11Z,6D216F6E29B947A8804B74EC2651AF00,,www.amazon.ca,Kindle E-reader,GN433X105136074M,4586210041,Personal Document,2273900,54
2026-01-13T06:04:39Z,2026-01-13T06:49:45Z,847C8C95D06F4EC7A6E0439BA5EDA10C,,www.amazon.ca,Kindle E-reader,GN433X105136074M,4586210041,Personal Document,2705600,24
2026-02-22T00:55:13Z,2026-02-22T01:20:51Z,6D216F6E29B947A8804B74EC2651AF00,,www.amazon.ca,Kindle E-reader,GN433X105136074M,4586210041,Personal Document,1538800,64
Not Available,2026-01-18T03:13:36Z,C5E55116FA1A46AFB2C5DFD300E475A8,,www.amazon.ca,Kindle E-reader,GN433X105136074M,,Personal Document,,
2026-02-03T06:50:33Z,2026-02-03T07:01:22Z,19B3E1A0C08D4F828A835CC0580C675E,,www.amazon.ca,Kindle E-reader,GN433X105136074M,4586210041,Personal Document,648300,7
2026-01-21T07:00:44Z,2026-01-21T07:34:39Z,076B6578B4384616B5880A1E8B7FFD1A,,www.amazon.ca,Kindle E-reader,GN433X105136074M,4586210041,Personal Document,2034500,59
Not Available,2025-12-27T22:50:51Z,9589E9ED671B4D09B1C63516FBBA6C6C,,www.amazon.ca,Kindle E-reader,GN433X105136074M,,Personal Document,,
2026-02-09T04:52:31Z,2026-02-09T04:52:38Z,4ED3C87F5AA7450CAD2C6C8D2354EC41,,www.amazon.ca,Kindle E-reader,GN433X105136074M,4586210041,Personal Document,6600,1
2026-02-11T08:16:24Z,2026-02-11T08:16:26Z,6D216F6E29B947A8804B74EC2651AF00,,www.amazon.ca,,274F3C10F99A4561ADCBFDDD57F97165,1191418256,Personal Document,2000,1
2026-02-02T04:43:54Z,2026-02-02T04:44:12Z,19B3E1A0C08D4F828A835CC0580C675E,,www.amazon.ca,Kindle E-reader,GN433X105136074M,4586210041,Personal Document,18000,1
2025-12-29T10:04:45Z,2025-12-29T10:42:40Z,89064185C5624DE4993C5079369DE20C,,www.amazon.ca,Kindle E-reader,GN433X105136074M,4586210041,Personal Document,2274500,64
2026-01-18T01:41:00Z,2026-01-18T01:59:23Z,C5E55116FA1A46AFB2C5DFD300E475A8,,www.amazon.ca,Kindle E-reader,GN433X105136074M,4586210041,Personal Document,1102500,6
2026-01-18T23:56:47Z,2026-01-19T00:09:51Z,076B6578B4384616B5880A1E8B7FFD1A,,www.amazon.ca,Kindle E-reader,GN433X105136074M,4586210041,Personal Document,784100,9
2025-12-30T05:45:02Z,2025-12-30T05:48:09Z,59A96E199C45437FA84D193F14C145BA,,www.amazon.ca,Kindle E-reader,GN433X105136074M,4586210041,Personal Document,186700,44
2026-01-03T02:21:15Z,2026-01-03T02:21:25Z,05B583E55E6E496F870ABD566734FAE8,,www.amazon.ca,Kindle E-reader,GN433X105136074M,4586210041,Personal Document,10100,1
2026-01-20T07:38:00Z,2026-01-20T08:00:00Z,076B6578B4384616B5880A1E8B7FFD1A,,www.amazon.ca,Kindle E-reader,GN433X105136074M,4586210041,Personal Document,1319400,61
2026-01-02T11:45:21Z,2026-01-02T11:45:25Z,6DB4151DF8904BC1A980E5D385DF1973,,www.amazon.ca,Kindle E-reader,GN433X105136074M,4586210041,Personal Document,4100,1
2026-01-25T07:57:07Z,2026-01-25T08:59:56Z,076B6578B4384616B5880A1E8B7FFD1A,,www.amazon.ca,Kindle E-reader,GN433X105136074M,4586210041,Personal Document,3769700,64
2026-02-08T09:27:08Z,2026-02-08T09:53:03Z,19B3E1A0C08D4F828A835CC0580C675E,,www.amazon.ca,Kindle E-reader,GN433X105136074M,4586210041,Personal Document,1554800,57
2025-12-27T21:49:16Z,2025-12-27T21:49:22Z,B3A043188AB34DF9A8FE43642BBB11A3,,www.amazon.ca,Kindle E-reader,GN433X105136074M,4586210041,Personal Document,6600,2
2026-01-01T10:23:35Z,2026-01-01T10:23:57Z,D5EFF15011854195B68281249C44311E,,www.amazon.ca,Kindle E-reader,GN433X105136074M,4586210041,Personal Document,22800,1
2026-01-29T06:22:17Z,2026-01-29T06:22:23Z,19B3E1A0C08D4F828A835CC0580C675E,,www.amazon.ca,Kindle E-reader,GN433X105136074M,4586210041,Personal Document,6500,1
Not Available,2025-12-29T10:59:31Z,D5EFF15011854195B68281249C44311E,,www.amazon.ca,Kindle E-reader,GN433X105136074M,,Personal Document,,
2025-12-30T10:45:11Z,2025-12-30T10:45:15Z,59A96E199C45437FA84D193F14C145BA,,www.amazon.ca,Kindle E-reader,GN433X105136074M,4586210041,Personal Document,3900,1
2026-02-16T02:36:42Z,2026-02-16T03:05:33Z,6D216F6E29B947A8804B74EC2651AF00,,www.amazon.ca,Kindle E-reader,GN433X105136074M,4586210041,Personal Document,1731200,28
2026-01-18T03:18:29Z,2026-01-18T03:18:35Z,076B6578B4384616B5880A1E8B7FFD1A,,www.amazon.ca,Kindle E-reader,GN433X105136074M,4586210041,Personal Document,5800,3
2025-12-31T09:11:45Z,2025-12-31T09:13:07Z,D5EFF15011854195B68281249C44311E,,www.amazon.ca,Kindle E-reader,GN433X105136074M,4586210041,Personal Document,81400,9
2026-02-11T07:15:29Z,2026-02-11T07:25:58Z,4ED3C87F5AA7450CAD2C6C8D2354EC41,,www.amazon.ca,Kindle E-reader,GN433X105136074M,4586210041,Personal Document,628400,18
2026-02-22T02:16:13Z,2026-02-22T02:16:17Z,6D216F6E29B947A8804B74EC2651AF00,,www.amazon.ca,Kindle E-reader,GN433X105136074M,4586210041,Personal Document,4600,1
2026-02-15T05:09:35Z,2026-02-15T05:25:49Z,6D216F6E29B947A8804B74EC2651AF00,,www.amazon.ca,Kindle E-reader,GN433X105136074M,4586210041,Personal Document,973900,24
2026-02-11T08:18:21Z,2026-02-11T08:18:35Z,6D216F6E29B947A8804B74EC2651AF00,,www.amazon.ca,Kindle E-reader,GN433X105136074M,4586210041,Personal Document,13800,1
2026-01-13T05:37:06Z,2026-01-13T05:40:35Z,847C8C95D06F4EC7A6E0439BA5EDA10C,,www.amazon.ca,Kindle E-reader,GN433X105136074M,4586210041,Personal Document,208700,7
2026-01-27T05:27:06Z,2026-01-27T05:27:11Z,076B6578B4384616B5880A1E8B7FFD1A,,www.amazon.ca,Kindle E-reader,GN433X105136074M,4586210041,Personal Document,5000,1
Not Available,2026-01-03T02:20:17Z,2F883FEA625741178AEF4B1643608C21,,www.amazon.ca,Kindle E-reader,GN433X105136074M,,Personal Document,,
2026-01-08T07:54:10Z,2026-01-08T07:59:40Z,F90795984FFA4037926AA94851BCC0AA,,www.amazon.ca,Kindle E-reader,GN433X105136074M,4586210041,Personal Document,330400,16
2026-02-11T08:17:56Z,2026-02-11T08:18:20Z,19B3E1A0C08D4F828A835CC0580C675E,,www.amazon.ca,Kindle E-reader,GN433X105136074M,4586210041,Personal Document,24000,1
2026-01-10T20:24:01Z,2026-01-10T20:24:25Z,54A5A9B3503F4D9B9EF712B687F7E7B1,,www.amazon.ca,Kindle E-reader,GN433X105136074M,4586210041,Personal Document,24300,9
2026-01-04T06:08:26Z,2026-01-04T06:11:14Z,D5EFF15011854195B68281249C44311E,,www.amazon.ca,Kindle E-reader,GN433X105136074M,4586210041,Personal Document,168100,1
2026-02-03T06:36:41Z,2026-02-03T06:46:41Z,19B3E1A0C08D4F828A835CC0580C675E,,www.amazon.ca,Kindle E-reader,GN433X105136074M,4586210041,Personal Document,599900,1
2026-01-14T08:06:36Z,2026-01-14T08:31:47Z,847C8C95D06F4EC7A6E0439BA5EDA10C,,www.amazon.ca,Kindle E-reader,GN433X105136074M,4586210041,Personal Document,1511200,31
Not Available,2026-01-18T03:21:20Z,076B6578B4384616B5880A1E8B7FFD1A,,www.amazon.ca,Kindle E-reader,GN433X105136074M,,Personal Document,,
2026-01-03T02:41:04Z,2026-01-03T02:41:06Z,D5EFF15011854195B68281249C44311E,,www.amazon.ca,Kindle E-reader,GN433X105136074M,4586210041,Personal Document,2000,1
2026-01-10T20:05:57Z,2026-01-10T20:07:27Z,54A5A9B3503F4D9B9EF712B687F7E7B1,,www.amazon.ca,Kindle E-reader,GN433X105136074M,4586210041,Personal Document,90200,38
2026-01-27T08:00:02Z,2026-01-27T08:00:18Z,19B3E1A0C08D4F828A835CC0580C675E,,www.amazon.ca,Kindle E-reader,GN433X105136074M,4586210041,Personal Document,16100,3
2025-12-28T07:53:08Z,2025-12-28T07:53:21Z,89064185C5624DE4993C5079369DE20C,,www.amazon.ca,Kindle E-reader,GN433X105136074M,4586210041,Personal Document,13800,3
2026-02-03T06:46:44Z,2026-02-03T06:46:50Z,19B3E1A0C08D4F828A835CC0580C675E,,www.amazon.ca,Kindle E-reader,GN433X105136074M,4586210041,Personal Document,5800,1
2026-02-13T08:23:49Z,2026-02-13T08:24:02Z,6D216F6E29B947A8804B74EC2651AF00,,www.amazon.ca,Kindle E-reader,GN433X105136074M,4586210041,Personal Document,12500,3
2026-01-13T03:35:30Z,2026-01-13T03:40:22Z,847C8C95D06F4EC7A6E0439BA5EDA10C,,www.amazon.ca,Kindle E-reader,GN433X105136074M,4586210041,Personal Document,291800,4
2025-12-28T09:14:04Z,2025-12-28T09:14:07Z,788C854093B54A26B6AF2F1930E887D2,,www.amazon.ca,Kindle E-reader,GN433X105136074M,4586210041,Personal Document,3600,1
2025-12-28T09:14:11Z,2025-12-28T09:14:18Z,54A5A9B3503F4D9B9EF712B687F7E7B1,,www.amazon.ca,Kindle E-reader,GN433X105136074M,4586210041,Personal Document,7000,1
2025-12-27T21:39:02Z,2025-12-27T21:39:46Z,6DB4151DF8904BC1A980E5D385DF1973,,www.amazon.ca,Kindle E-reader,GN433X105136074M,4586210041,Personal Document,43600,12
2026-01-29T07:28:33Z,2026-01-29T07:28:43Z,19B3E1A0C08D4F828A835CC0580C675E,,www.amazon.ca,Kindle E-reader,GN433X105136074M,4586210041,Personal Document,9900,1
2025-12-31T08:24:58Z,2025-12-31T08:25:29Z,D5EFF15011854195B68281249C44311E,,www.amazon.ca,Kindle E-reader,GN433X105136074M,4586210041,Personal Document,31800,1
2026-02-08T22:19:29Z,2026-02-08T22:25:13Z,19B3E1A0C08D4F828A835CC0580C675E,,www.amazon.ca,Kindle E-reader,GN433X105136074M,4586210041,Personal Document,344000,4
2026-02-04T08:25:14Z,2026-02-04T08:25:22Z,19B3E1A0C08D4F828A835CC0580C675E,,www.amazon.ca,Kindle E-reader,GN433X105136074M,4586210041,Personal Document,8000,1
2026-02-09T04:07:36Z,2026-02-09T04:50:07Z,19B3E1A0C08D4F828A835CC0580C675E,,www.amazon.ca,Kindle E-reader,GN433X105136074M,4586210041,Personal Document,2551200,65
2026-01-18T03:49:20Z,2026-01-18T03:49:32Z,076B6578B4384616B5880A1E8B7FFD1A,,www.amazon.ca,Kindle E-reader,GN433X105136074M,4586210041,Personal Document,12700,5
2026-02-16T07:19:32Z,2026-02-16T07:47:51Z,6D216F6E29B947A8804B74EC2651AF00,,www.amazon.ca,Kindle E-reader,GN433X105136074M,4586210041,Personal Document,1699500,35
2026-01-18T00:25:15Z,2026-01-18T00:30:49Z,847C8C95D06F4EC7A6E0439BA5EDA10C,,www.amazon.ca,Kindle E-reader,GN433X105136074M,4586210041,Personal Document,333700,7
2026-01-11T22:56:07Z,2026-01-11T22:56:31Z,3C62C94C637A4554B4472B6174DB48CD,,www.amazon.ca,Kindle E-reader,GN433X105136074M,4586210041,Personal Document,24400,7
2026-02-04T06:19:10Z,2026-02-04T06:40:52Z,19B3E1A0C08D4F828A835CC0580C675E,,www.amazon.ca,Kindle E-reader,GN433X105136074M,4586210041,Personal Document,1301600,83
Not Available,2026-02-11T08:10:03Z,6D216F6E29B947A8804B74EC2651AF00,,www.amazon.ca,Kindle E-reader,GN433X105136074M,,Personal Document,,
2026-02-11T07:52:15Z,2026-02-11T07:52:20Z,4ED3C87F5AA7450CAD2C6C8D2354EC41,,www.amazon.ca,Kindle E-reader,GN433X105136074M,4586210041,Personal Document,5100,1
2025-12-31T10:02:21Z,2025-12-31T10:07:41Z,D5EFF15011854195B68281249C44311E,,www.amazon.ca,Kindle E-reader,GN433X105136074M,4586210041,Personal Document,320100,10
2026-01-03T02:21:56Z,2026-01-03T02:22:03Z,AE78ED9C066E419387279F75CE4F3CAC,,www.amazon.ca,Kindle E-reader,GN433X105136074M,4586210041,Personal Document,7100,1
2025-12-27T22:54:17Z,2025-12-27T22:54:22Z,A1C6B344090845229203C819D000B053,,www.amazon.ca,Kindle E-reader,GN433X105136074M,4586210041,Personal Document,5100,1
2025-12-31T09:13:18Z,2025-12-31T09:13:28Z,F90795984FFA4037926AA94851BCC0AA,,www.amazon.ca,Kindle E-reader,GN433X105136074M,4586210041,Personal Document,10700,6
Not Available,2026-01-18T03:23:18Z,66E13A43889B4FD68EC8281BF07FD1D4,,www.amazon.ca,Kindle E-reader,GN433X105136074M,,Personal Document,,
2026-01-13T03:40:28Z,2026-01-13T03:53:21Z,847C8C95D06F4EC7A6E0439BA5EDA10C,,www.amazon.ca,Kindle E-reader,GN433X105136074M,4586210041,Personal Document,772200,35
2026-01-26T05:05:11Z,2026-01-26T05:08:29Z,076B6578B4384616B5880A1E8B7FFD1A,,www.amazon.ca,Kindle E-reader,GN433X105136074M,4586210041,Personal Document,198300,4
2026-01-28T08:39:00Z,2026-01-28T08:39:02Z,19B3E1A0C08D4F828A835CC0580C675E,,www.amazon.ca,Kindle E-reader,GN433X105136074M,4586210041,Personal Document,2000,1
2026-02-14T05:31:29Z,2026-02-14T05:32:41Z,19B3E1A0C08D4F828A835CC0580C675E,,www.amazon.ca,Kindle E-reader,GN433X105136074M,4586210041,Personal Document,71900,8
Not Available,2026-01-27T07:07:41Z,B8E8A2364D4C4B3F878376C7E1790EAD,,www.amazon.ca,Kindle E-reader,GN433X105136074M,,Personal Document,,
Not Available,2025-12-27T23:14:25Z,B23959E258BA46A1953FB06A7D24AC54,,www.amazon.ca,Kindle E-reader,GN433X105136074M,,Personal Document,,
2026-01-25T09:06:35Z,2026-01-25T09:20:10Z,076B6578B4384616B5880A1E8B7FFD1A,,www.amazon.ca,Kindle E-reader,GN433X105136074M,4586210041,Personal Document,814800,21
2026-02-11T07:44:39Z,2026-02-11T07:44:43Z,19B3E1A0C08D4F828A835CC0580C675E,,www.amazon.ca,Kindle E-reader,GN433X105136074M,4586210041,Personal Document,3700,1
2025-12-28T08:57:22Z,2025-12-28T08:58:13Z,89064185C5624DE4993C5079369DE20C,,www.amazon.ca,Kindle E-reader,GN433X105136074M,4586210041,Personal Document,50400,5
2026-01-25T03:37:16Z,2026-01-25T03:47:24Z,076B6578B4384616B5880A1E8B7FFD1A,,www.amazon.ca,Kindle E-reader,GN433X105136074M,4586210041,Personal Document,608300,1
2026-01-18T03:44:45Z,2026-01-18T03:49:19Z,076B6578B4384616B5880A1E8B7FFD1A,,www.amazon.ca,Kindle E-reader,GN433X105136074M,4586210041,Personal Document,273700,49
2026-02-11T07:52:05Z,2026-02-11T07:52:13Z,19B3E1A0C08D4F828A835CC0580C675E,,www.amazon.ca,Kindle E-reader,GN433X105136074M,4586210041,Personal Document,7400,1
2026-01-02T11:22:58Z,2026-01-02T11:43:10Z,D5EFF15011854195B68281249C44311E,,www.amazon.ca,Kindle E-reader,GN433X105136074M,4586210041,Personal Document,1211400,41
2025-12-27T23:26:08Z,2025-12-27T23:27:03Z,54A5A9B3503F4D9B9EF712B687F7E7B1,,www.amazon.ca,Kindle E-reader,GN433X105136074M,4586210041,Personal Document,55100,26
2026-02-19T02:43:31Z,2026-02-19T02:50:03Z,6D216F6E29B947A8804B74EC2651AF00,,www.amazon.ca,Kindle E-reader,GN433X105136074M,4586210041,Personal Document,392100,1
2026-01-22T06:53:17Z,2026-01-22T06:53:22Z,076B6578B4384616B5880A1E8B7FFD1A,,www.amazon.ca,Kindle E-reader,GN433X105136074M,4586210041,Personal Document,4300,1
2026-01-03T01:06:55Z,2026-01-03T01:23:34Z,D5EFF15011854195B68281249C44311E,,www.amazon.ca,Kindle E-reader,GN433X105136074M,4586210041,Personal Document,998700,28
2026-02-16T03:34:55Z,2026-02-16T03:35:02Z,6D216F6E29B947A8804B74EC2651AF00,,www.amazon.ca,Kindle E-reader,GN433X105136074M,4586210041,Personal Document,7700,1
Not Available,2026-01-06T09:25:19Z,29073688D73B4C11AACA6D3D2351B60D,,www.amazon.ca,Kindle E-reader,GN433X105136074M,,Personal Document,,
2026-02-07T06:43:19Z,2026-02-07T06:54:06Z,19B3E1A0C08D4F828A835CC0580C675E,,www.amazon.ca,Kindle E-reader,GN433X105136074M,4586210041,Personal Document,647000,1
2026-01-13T05:36:35Z,2026-01-13T05:37:01Z,59A96E199C45437FA84D193F14C145BA,,www.amazon.ca,Kindle E-reader,GN433X105136074M,4586210041,Personal Document,25700,16
2026-01-12T04:12:34Z,2026-01-12T04:19:19Z,3C62C94C637A4554B4472B6174DB48CD,,www.amazon.ca,Kindle E-reader,GN433X105136074M,4586210041,Personal Document,404300,12
2025-12-29T09:59:07Z,2025-12-29T09:59:14Z,89064185C5624DE4993C5079369DE20C,,www.amazon.ca,Kindle E-reader,GN433X105136074M,4586210041,Personal Document,6600,1
2026-01-03T02:20:07Z,2026-01-03T02:20:17Z,2F883FEA625741178AEF4B1643608C21,,www.amazon.ca,Kindle E-reader,GN433X105136074M,4586210041,Personal Document,10400,1
2026-02-11T07:52:21Z,2026-02-11T07:52:43Z,19B3E1A0C08D4F828A835CC0580C675E,,www.amazon.ca,Kindle E-reader,GN433X105136074M,4586210041,Personal Document,21900,3
2026-01-27T07:10:24Z,2026-01-27T07:10:29Z,B8E8A2364D4C4B3F878376C7E1790EAD,,www.amazon.ca,Kindle E-reader,GN433X105136074M,4586210041,Personal Document,4400,1
2026-01-13T05:25:02Z,2026-01-13T05:36:05Z,847C8C95D06F4EC7A6E0439BA5EDA10C,,www.amazon.ca,Kindle E-reader,GN433X105136074M,4586210041,Personal Document,662900,7
2026-01-05T08:02:11Z,2026-01-05T08:37:53Z,29073688D73B4C11AACA6D3D2351B60D,,www.amazon.ca,Kindle E-reader,GN433X105136074M,4586210041,Personal Document,2141900,103
2026-01-27T07:07:31Z,2026-01-27T07:07:41Z,B8E8A2364D4C4B3F878376C7E1790EAD,,www.amazon.ca,Kindle E-reader,GN433X105136074M,4586210041,Personal Document,9100,3
2026-02-16T11:26:06Z,2026-02-16T11:40:39Z,6D216F6E29B947A8804B74EC2651AF00,,www.amazon.ca,Kindle E-reader,GN433X105136074M,4586210041,Personal Document,873200,25
2026-01-12T01:33:35Z,2026-01-12T02:00:46Z,FE4FCD4E0BAD4791A6BF7DE6F9DD3AC3,,www.amazon.ca,Kindle E-reader,GN433X105136074M,4586210041,Personal Document,1630900,32
Not Available,2025-12-28T09:04:54Z,89064185C5624DE4993C5079369DE20C,,www.amazon.ca,Kindle E-reader,GN433X105136074M,,Personal Document,,
Not Available,2025-12-29T10:58:29Z,F90795984FFA4037926AA94851BCC0AA,,www.amazon.ca,Kindle E-reader,GN433X105136074M,,Personal Document,,
2026-01-03T02:39:25Z,2026-01-03T02:39:29Z,D5EFF15011854195B68281249C44311E,,www.amazon.ca,Kindle E-reader,GN433X105136074M,4586210041,Personal Document,3100,1
2026-02-16T23:10:12Z,2026-02-17T01:30:59Z,6D216F6E29B947A8804B74EC2651AF00,,www.amazon.ca,Kindle E-reader,GN433X105136074M,4586210041,Personal Document,8446700,124
Not Available,2026-02-11T07:52:43Z,19B3E1A0C08D4F828A835CC0580C675E,,www.amazon.ca,Kindle E-reader,GN433X105136074M,,Personal Document,,
2026-01-06T08:52:22Z,2026-01-06T09:25:19Z,29073688D73B4C11AACA6D3D2351B60D,,www.amazon.ca,Kindle E-reader,GN433X105136074M,4586210041,Personal Document,1977300,64
2026-01-03T01:00:19Z,2026-01-03T01:03:40Z,D5EFF15011854195B68281249C44311E,,www.amazon.ca,Kindle E-reader,GN433X105136074M,4586210041,Personal Document,201000,4
Not Available,2026-01-03T02:21:25Z,05B583E55E6E496F870ABD566734FAE8,,www.amazon.ca,Kindle E-reader,GN433X105136074M,,Personal Document,,
2026-02-15T06:48:32Z,2026-02-15T08:11:46Z,6D216F6E29B947A8804B74EC2651AF00,,www.amazon.ca,Kindle E-reader,GN433X105136074M,4586210041,Personal Document,4994300,151
2026-02-11T08:10:44Z,2026-02-11T08:11:02Z,6D216F6E29B947A8804B74EC2651AF00,,www.amazon.ca,Kindle E-reader,GN433X105136074M,4586210041,Personal Document,18100,1
2025-12-29T10:59:27Z,2025-12-29T10:59:31Z,D5EFF15011854195B68281249C44311E,,www.amazon.ca,Kindle E-reader,GN433X105136074M,4586210041,Personal Document,3600,1
2025-12-29T10:58:32Z,2025-12-29T10:58:37Z,6DB4151DF8904BC1A980E5D385DF1973,,www.amazon.ca,Kindle E-reader,GN433X105136074M,4586210041,Personal Document,4500,1
2026-01-26T06:08:00Z,2026-01-26T06:55:41Z,076B6578B4384616B5880A1E8B7FFD1A,,www.amazon.ca,Kindle E-reader,GN433X105136074M,4586210041,Personal Document,2861400,111
2026-02-17T07:52:52Z,2026-02-17T07:53:06Z,19B3E1A0C08D4F828A835CC0580C675E,,www.amazon.ca,Kindle E-reader,GN433X105136074M,4586210041,Personal Document,14100,2
2026-02-16T22:01:10Z,2026-02-16T22:01:15Z,6D216F6E29B947A8804B74EC2651AF00,,www.amazon.ca,Kindle E-reader,GN433X105136074M,4586210041,Personal Document,5100,1
2026-02-05T07:04:22Z,2026-02-05T07:14:45Z,19B3E1A0C08D4F828A835CC0580C675E,,www.amazon.ca,Kindle E-reader,GN433X105136074M,4586210041,Personal Document,622300,13
2026-01-20T07:26:53Z,2026-01-20T07:37:37Z,076B6578B4384616B5880A1E8B7FFD1A,,www.amazon.ca,Kindle E-reader,GN433X105136074M,4586210041,Personal Document,644300,2
2026-02-01T07:14:19Z,2026-02-01T07:14:46Z,19B3E1A0C08D4F828A835CC0580C675E,,www.amazon.ca,Kindle E-reader,GN433X105136074M,4586210041,Personal Document,26700,3
2025-12-28T02:23:11Z,2025-12-28T02:26:22Z,89064185C5624DE4993C5079369DE20C,,www.amazon.ca,Kindle E-reader,GN433X105136074M,4586210041,Personal Document,191400,44
2026-02-06T05:20:02Z,2026-02-06T06:21:34Z,19B3E1A0C08D4F828A835CC0580C675E,,www.amazon.ca,Kindle E-reader,GN433X105136074M,4586210041,Personal Document,3691700,71
2026-02-06T04:30:24Z,2026-02-06T04:56:32Z,19B3E1A0C08D4F828A835CC0580C675E,,www.amazon.ca,Kindle E-reader,GN433X105136074M,4586210041,Personal Document,1568000,22
2025-12-29T10:04:22Z,2025-12-29T10:04:40Z,6DB4151DF8904BC1A980E5D385DF1973,,www.amazon.ca,Kindle E-reader,GN433X105136074M,4586210041,Personal Document,18100,1
2026-02-17T01:56:01Z,2026-02-17T02:06:05Z,6D216F6E29B947A8804B74EC2651AF00,,www.amazon.ca,Kindle E-reader,GN433X105136074M,4586210041,Personal Document,603700,1
2025-12-30T11:59:29Z,2025-12-30T12:05:27Z,D5EFF15011854195B68281249C44311E,,www.amazon.ca,Kindle E-reader,GN433X105136074M,4586210041,Personal Document,358400,113
2026-01-27T07:10:35Z,2026-01-27T07:12:09Z,19B3E1A0C08D4F828A835CC0580C675E,,www.amazon.ca,Kindle E-reader,GN433X105136074M,4586210041,Personal Document,94200,23
2026-01-10T19:56:08Z,2026-01-10T20:05:54Z,F90795984FFA4037926AA94851BCC0AA,,www.amazon.ca,Kindle E-reader,GN433X105136074M,4586210041,Personal Document,586200,97
2026-02-11T02:12:53Z,2026-02-11T02:22:53Z,19B3E1A0C08D4F828A835CC0580C675E,,www.amazon.ca,Kindle E-reader,GN433X105136074M,4586210041,Personal Document,599800,1
Not Available,2025-12-27T21:39:48Z,6DB4151DF8904BC1A980E5D385DF1973,,www.amazon.ca,Kindle E-reader,GN433X105136074M,,Personal Document,,
2026-01-04T08:25:23Z,2026-01-04T08:29:28Z,D5EFF15011854195B68281249C44311E,,www.amazon.ca,Kindle E-reader,GN433X105136074M,4586210041,Personal Document,245000,7
2025-12-29T10:00:03Z,2025-12-29T10:04:05Z,89064185C5624DE4993C5079369DE20C,,www.amazon.ca,Kindle E-reader,GN433X105136074M,4586210041,Personal Document,242200,8
2026-01-01T10:37:59Z,2026-01-01T10:38:08Z,54A5A9B3503F4D9B9EF712B687F7E7B1,,www.amazon.ca,Kindle E-reader,GN433X105136074M,4586210041,Personal Document,9300,1
Not Available,2025-12-28T09:06:25Z,788C854093B54A26B6AF2F1930E887D2,,www.amazon.ca,Kindle E-reader,GN433X105136074M,,Personal Document,,
Not Available,2026-02-11T08:11:14Z,6D216F6E29B947A8804B74EC2651AF00,,www.amazon.ca,Kindle E-reader,GN433X105136074M,,Personal Document,,
Not Available,2026-01-18T03:13:54Z,59A96E199C45437FA84D193F14C145BA,,www.amazon.ca,Kindle E-reader,GN433X105136074M,,Personal Document,,
2025-12-28T09:14:20Z,2025-12-28T09:14:25Z,89064185C5624DE4993C5079369DE20C,,www.amazon.ca,Kindle E-reader,GN433X105136074M,4586210041,Personal Document,4200,1
2026-02-06T21:26:57Z,2026-02-06T21:52:44Z,19B3E1A0C08D4F828A835CC0580C675E,,www.amazon.ca,Kindle E-reader,GN433X105136074M,4586210041,Personal Document,1547400,22
2026-01-18T21:39:20Z,2026-01-18T21:40:14Z,C5E55116FA1A46AFB2C5DFD300E475A8,,www.amazon.ca,Kindle E-reader,GN433X105136074M,4586210041,Personal Document,53200,3
2026-01-04T11:25:47Z,2026-01-04T11:27:30Z,F90795984FFA4037926AA94851BCC0AA,,www.amazon.ca,Kindle E-reader,GN433X105136074M,4586210041,Personal Document,102200,10
Not Available,2026-02-22T08:11:45Z,6D216F6E29B947A8804B74EC2651AF00,,www.amazon.ca,Kindle E-reader,GN433X105136074M,,Personal Document,,
Not Available,2026-02-07T08:55:41Z,1A09B927E0C74FABBDF6B99408596102,,www.amazon.ca,Kindle E-reader,GN433X105136074M,,Personal Document,,
2026-01-12T06:31:24Z,2026-01-12T07:15:23Z,3C62C94C637A4554B4472B6174DB48CD,,www.amazon.ca,Kindle E-reader,GN433X105136074M,4586210041,Personal Document,2639000,48
2026-01-25T07:11:36Z,2026-01-25T07:31:28Z,076B6578B4384616B5880A1E8B7FFD1A,,www.amazon.ca,Kindle E-reader,GN433X105136074M,4586210041,Personal Document,1192100,48
2026-01-18T08:59:30Z,2026-01-18T08:59:33Z,076B6578B4384616B5880A1E8B7FFD1A,,www.amazon.ca,Kindle E-reader,GN433X105136074M,4586210041,Personal Document,3400,1
2026-01-18T16:15:04Z,2026-01-18T16:15:08Z,C5E55116FA1A46AFB2C5DFD300E475A8,,www.amazon.ca,Kindle E-reader,GN433X105136074M,4586210041,Personal Document,3500,1
2026-02-15T02:07:31Z,2026-02-15T02:48:18Z,6D216F6E29B947A8804B74EC2651AF00,,www.amazon.ca,Kindle E-reader,GN433X105136074M,4586210041,Personal Document,2446600,58
Not Available,2026-01-19T07:06:16Z,076B6578B4384616B5880A1E8B7FFD1A,,www.amazon.ca,Kindle E-reader,GN433X105136074M,,Personal Document,,
2026-01-05T08:01:44Z,2026-01-05T08:01:50Z,F90795984FFA4037926AA94851BCC0AA,,www.amazon.ca,Kindle E-reader,GN433X105136074M,4586210041,Personal Document,6400,2
2026-01-10T20:23:13Z,2026-01-10T20:23:38Z,54A5A9B3503F4D9B9EF712B687F7E7B1,,www.amazon.ca,Kindle E-reader,GN433X105136074M,4586210041,Personal Document,25100,8
2026-02-11T08:10:09Z,2026-02-11T08:10:22Z,4ED3C87F5AA7450CAD2C6C8D2354EC41,,www.amazon.ca,Kindle E-reader,GN433X105136074M,4586210041,Personal Document,13400,4
2026-01-18T03:09:09Z,2026-01-18T03:13:36Z,C5E55116FA1A46AFB2C5DFD300E475A8,,www.amazon.ca,Kindle E-reader,GN433X105136074M,4586210041,Personal Document,266700,13
2026-02-09T01:35:34Z,2026-02-09T02:03:03Z,19B3E1A0C08D4F828A835CC0580C675E,,www.amazon.ca,Kindle E-reader,GN433X105136074M,4586210041,Personal Document,1648800,21
2026-01-10T20:21:53Z,2026-01-10T20:23:12Z,C5E55116FA1A46AFB2C5DFD300E475A8,,www.amazon.ca,Kindle E-reader,GN433X105136074M,4586210041,Personal Document,78700,19
2026-02-02T07:08:13Z,2026-02-02T07:50:34Z,19B3E1A0C08D4F828A835CC0580C675E,,www.amazon.ca,Kindle E-reader,GN433X105136074M,4586210041,Personal Document,2541000,58
2026-01-27T04:14:35Z,2026-01-27T04:20:25Z,076B6578B4384616B5880A1E8B7FFD1A,,www.amazon.ca,Kindle E-reader,GN433X105136074M,4586210041,Personal Document,350700,1
2026-02-06T06:50:41Z,2026-02-06T07:29:50Z,19B3E1A0C08D4F828A835CC0580C675E,,www.amazon.ca,Kindle E-reader,GN433X105136074M,4586210041,Personal Document,2349200,53
2026-01-03T02:40:48Z,2026-01-03T02:40:51Z,,,www.amazon.ca,Kindle E-reader,GN433X105136074M,4586210041,SIDE,2900,1
2026-02-11T08:13:07Z,2026-02-11T08:13:14Z,4ED3C87F5AA7450CAD2C6C8D2354EC41,,www.amazon.ca,Kindle E-reader,GN433X105136074M,4586210041,Personal Document,7500,2
Not Available,2026-01-28T06:53:26Z,B8E8A2364D4C4B3F878376C7E1790EAD,,www.amazon.ca,Kindle E-reader,GN433X105136074M,,Personal Document,,
2026-01-03T02:22:12Z,2026-01-03T02:22:16Z,AE78ED9C066E419387279F75CE4F3CAC,,www.amazon.ca,Kindle E-reader,GN433X105136074M,4586210041,Personal Document,3700,1
2026-02-11T08:10:32Z,2026-02-11T08:10:42Z,4ED3C87F5AA7450CAD2C6C8D2354EC41,,www.amazon.ca,Kindle E-reader,GN433X105136074M,4586210041,Personal Document,10200,1
2026-01-11T22:37:13Z,2026-01-11T22:37:16Z,C5E55116FA1A46AFB2C5DFD300E475A8,,www.amazon.ca,Kindle E-reader,GN433X105136074M,4586210041,Personal Document,3300,1
2026-02-07T08:55:37Z,2026-02-07T08:55:41Z,1A09B927E0C74FABBDF6B99408596102,,www.amazon.ca,Kindle E-reader,GN433X105136074M,4586210041,Personal Document,4300,1
2025-12-30T10:45:20Z,2025-12-30T10:47:08Z,59A96E199C45437FA84D193F14C145BA,,www.amazon.ca,Kindle E-reader,GN433X105136074M,4586210041,Personal Document,108100,80
Not Available,2025-12-28T09:05:47Z,B23959E258BA46A1953FB06A7D24AC54,,www.amazon.ca,Kindle E-reader,GN433X105136074M,,Personal Document,,
2025-12-29T11:32:55Z,2025-12-29T11:33:07Z,D5EFF15011854195B68281249C44311E,,www.amazon.ca,Kindle E-reader,GN433X105136074M,4586210041,Personal Document,11500,1
2026-02-07T08:55:53Z,2026-02-07T09:15:55Z,19B3E1A0C08D4F828A835CC0580C675E,,www.amazon.ca,Kindle E-reader,GN433X105136074M,4586210041,Personal Document,1201600,42
2026-02-11T08:16:01Z,2026-02-11T08:16:32Z,6D216F6E29B947A8804B74EC2651AF00,,www.amazon.ca,Kindle E-reader,GN433X105136074M,4586210041,Personal Document,31400,1
2026-02-18T08:55:13Z,2026-02-18T08:56:25Z,6D216F6E29B947A8804B74EC2651AF00,,www.amazon.ca,Kindle E-reader,GN433X105136074M,4586210041,Personal Document,72500,1
2025-12-27T22:12:48Z,2025-12-27T22:13:01Z,84E5C44F27ED4C06AC4253403B52E124,,www.amazon.ca,Kindle E-reader,GN433X105136074M,4586210041,Personal Document,12600,13
Not Available,2025-12-27T21:49:22Z,B3A043188AB34DF9A8FE43642BBB11A3,,www.amazon.ca,Kindle E-reader,GN433X105136074M,,Personal Document,,
2026-01-12T08:35:30Z,2026-01-12T09:12:42Z,3C62C94C637A4554B4472B6174DB48CD,,www.amazon.ca,Kindle E-reader,GN433X105136074M,4586210041,Personal Document,2231800,78
2026-02-10T21:31:06Z,2026-02-10T21:35:25Z,19B3E1A0C08D4F828A835CC0580C675E,,www.amazon.ca,Kindle E-reader,GN433X105136074M,4586210041,Personal Document,259000,3
2025-12-28T09:06:10Z,2025-12-28T09:06:25Z,788C854093B54A26B6AF2F1930E887D2,,www.amazon.ca,Kindle E-reader,GN433X105136074M,4586210041,Personal Document,14100,4
2026-01-12T03:51:49Z,2026-01-12T04:06:56Z,3C62C94C637A4554B4472B6174DB48CD,,www.amazon.ca,Kindle E-reader,GN433X105136074M,4586210041,Personal Document,907100,11
2026-01-27T05:07:44Z,2026-01-27T05:27:03Z,076B6578B4384616B5880A1E8B7FFD1A,,www.amazon.ca,Kindle E-reader,GN433X105136074M,4586210041,Personal Document,1159400,40
2026-01-18T16:14:54Z,2026-01-18T16:15:03Z,076B6578B4384616B5880A1E8B7FFD1A,,www.amazon.ca,Kindle E-reader,GN433X105136074M,4586210041,Personal Document,9500,1
2026-01-20T08:00:18Z,2026-01-20T08:04:59Z,076B6578B4384616B5880A1E8B7FFD1A,,www.amazon.ca,Kindle E-reader,GN433X105136074M,4586210041,Personal Document,280900,11
2026-01-18T16:26:43Z,2026-01-18T16:31:46Z,C5E55116FA1A46AFB2C5DFD300E475A8,,www.amazon.ca,Kindle E-reader,GN433X105136074M,4586210041,Personal Document,302700,4
2025-12-28T08:07:44Z,2025-12-28T08:07:48Z,89064185C5624DE4993C5079369DE20C,,www.amazon.ca,Kindle E-reader,GN433X105136074M,4586210041,Personal Document,4100,1
2025-12-28T11:11:13Z,2025-12-28T11:11:17Z,54A5A9B3503F4D9B9EF712B687F7E7B1,,www.amazon.ca,Kindle E-reader,GN433X105136074M,4586210041,Personal Document,3900,1
2026-01-03T02:35:14Z,2026-01-03T02:35:18Z,9589E9ED671B4D09B1C63516FBBA6C6C,,www.amazon.ca,Kindle E-reader,GN433X105136074M,4586210041,Personal Document,3400,1
2026-01-03T01:35:12Z,2026-01-03T02:10:40Z,D5EFF15011854195B68281249C44311E,,www.amazon.ca,Kindle E-reader,GN433X105136074M,4586210041,Personal Document,2127900,74
2026-02-02T01:24:28Z,2026-02-02T01:43:03Z,19B3E1A0C08D4F828A835CC0580C675E,,www.amazon.ca,Kindle E-reader,GN433X105136074M,4586210041,Personal Document,1115200,28
2026-02-17T07:44:07Z,2026-02-17T07:52:50Z,6D216F6E29B947A8804B74EC2651AF00,,www.amazon.ca,Kindle E-reader,GN433X105136074M,4586210041,Personal Document,522500,37
2026-02-17T07:53:08Z,2026-02-17T08:25:46Z,6D216F6E29B947A8804B74EC2651AF00,,www.amazon.ca,Kindle E-reader,GN433X105136074M,4586210041,Personal Document,1958600,80
2026-01-18T22:42:25Z,2026-01-18T22:42:29Z,076B6578B4384616B5880A1E8B7FFD1A,,www.amazon.ca,Kindle E-reader,GN433X105136074M,4586210041,Personal Document,4900,2
Not Available,2026-02-02T02:53:56Z,1A09B927E0C74FABBDF6B99408596102,,www.amazon.ca,,274F3C10F99A4561ADCBFDDD57F97165,,Personal Document,,
2026-02-11T21:19:33Z,2026-02-11T21:40:24Z,6D216F6E29B947A8804B74EC2651AF00,,www.amazon.ca,Kindle E-reader,GN433X105136074M,4586210041,Personal Document,1251300,26
2026-02-15T19:52:33Z,2026-02-15T20:20:05Z,6D216F6E29B947A8804B74EC2651AF00,,www.amazon.ca,Kindle E-reader,GN433X105136074M,4586210041,Personal Document,1651800,32
2026-01-15T06:26:57Z,2026-01-15T06:32:39Z,847C8C95D06F4EC7A6E0439BA5EDA10C,,www.amazon.ca,Kindle E-reader,GN433X105136074M,4586210041,Personal Document,342200,1
2026-01-18T01:29:16Z,2026-01-18T01:39:16Z,C5E55116FA1A46AFB2C5DFD300E475A8,,www.amazon.ca,Kindle E-reader,GN433X105136074M,4586210041,Personal Document,599900,1
2025-12-31T10:07:55Z,2025-12-31T10:13:34Z,D5EFF15011854195B68281249C44311E,,www.amazon.ca,Kindle E-reader,GN433X105136074M,4586210041,Personal Document,338500,19
Not Available,2026-01-18T03:17:14Z,076B6578B4384616B5880A1E8B7FFD1A,,www.amazon.ca,Kindle E-reader,GN433X105136074M,,Personal Document,,
2026-01-03T02:32:08Z,2026-01-03T02:32:11Z,D5EFF15011854195B68281249C44311E,,www.amazon.ca,Kindle E-reader,GN433X105136074M,4586210041,Personal Document,2900,1
2025-12-29T10:58:39Z,2025-12-29T10:59:09Z,54A5A9B3503F4D9B9EF712B687F7E7B1,,www.amazon.ca,Kindle E-reader,GN433X105136074M,4586210041,Personal Document,29800,1
Not Available,2026-01-29T06:20:07Z,19B3E1A0C08D4F828A835CC0580C675E,,www.amazon.ca,Kindle E-reader,GN433X105136074M,,Personal Document,,
2026-02-14T07:41:19Z,2026-02-14T08:41:58Z,6D216F6E29B947A8804B74EC2651AF00,,www.amazon.ca,Kindle E-reader,GN433X105136074M,4586210041,Personal Document,3639600,62
2025-12-27T21:36:11Z,2025-12-27T21:37:43Z,6DB4151DF8904BC1A980E5D385DF1973,,www.amazon.ca,Kindle E-reader,GN433X105136074M,4586210041,Personal Document,92000,27
2025-12-30T23:26:29Z,2025-12-30T23:26:32Z,59A96E199C45437FA84D193F14C145BA,,www.amazon.ca,Kindle E-reader,GN433X105136074M,4586210041,Personal Document,2900,1
2026-01-04T11:22:30Z,2026-01-04T11:24:17Z,D5EFF15011854195B68281249C44311E,,www.amazon.ca,Kindle E-reader,GN433X105136074M,4586210041,Personal Document,107000,31
Not Available,2025-12-27T22:23:20Z,502355FBE3F34444A578E8ACEB9E40A0,,www.amazon.ca,Kindle E-reader,GN433X105136074M,,Personal Document,,
2026-02-11T08:08:52Z,2026-02-11T08:09:00Z,6D216F6E29B947A8804B74EC2651AF00,,www.amazon.ca,Kindle E-reader,GN433X105136074M,4586210041,Personal Document,7700,1
2026-01-25T01:32:29Z,2026-01-25T02:27:55Z,076B6578B4384616B5880A1E8B7FFD1A,,www.amazon.ca,Kindle E-reader,GN433X105136074M,4586210041,Personal Document,3326300,62
2026-01-18T21:39:10Z,2026-01-18T21:39:17Z,C5E55116FA1A46AFB2C5DFD300E475A8,,www.amazon.ca,Kindle E-reader,GN433X105136074M,4586210041,Personal Document,6900,1
2025-12-29T11:32:40Z,2025-12-29T11:32:50Z,01CA9E9573B94A098A9DF27C38AAACEC,,www.amazon.ca,Kindle E-reader,GN433X105136074M,4586210041,Personal Document,10600,1
2026-01-24T07:26:53Z,2026-01-24T08:23:28Z,076B6578B4384616B5880A1E8B7FFD1A,,www.amazon.ca,Kindle E-reader,GN433X105136074M,4586210041,Personal Document,3395000,104
Not Available,2025-12-30T05:45:01Z,59A96E199C45437FA84D193F14C145BA,,www.amazon.ca,Kindle E-reader,GN433X105136074M,,Personal Document,,
2026-01-27T07:59:32Z,2026-01-27T07:59:35Z,19B3E1A0C08D4F828A835CC0580C675E,,www.amazon.ca,Kindle E-reader,GN433X105136074M,4586210041,Personal Document,2700,1
Not Available,2026-02-09T04:57:57Z,4ED3C87F5AA7450CAD2C6C8D2354EC41,,www.amazon.ca,,274F3C10F99A4561ADCBFDDD57F97165,,Personal Document,,
2026-02-22T02:15:54Z,2026-02-22T02:16:00Z,19B3E1A0C08D4F828A835CC0580C675E,,www.amazon.ca,Kindle E-reader,GN433X105136074M,4586210041,Personal Document,5500,3
2026-01-18T03:18:00Z,2026-01-18T03:18:07Z,84E5C44F27ED4C06AC4253403B52E124,,www.amazon.ca,Kindle E-reader,GN433X105136074M,4586210041,Personal Document,7500,1
2026-02-11T08:15:57Z,2026-02-11T08:15:59Z,19B3E1A0C08D4F828A835CC0580C675E,,www.amazon.ca,Kindle E-reader,GN433X105136074M,4586210041,Personal Document,2600,1
2026-01-27T07:13:01Z,2026-01-27T07:13:11Z,19B3E1A0C08D4F828A835CC0580C675E,,www.amazon.ca,Kindle E-reader,GN433X105136074M,4586210041,Personal Document,10400,3
2026-01-03T02:19:20Z,2026-01-03T02:19:49Z,78E7887F8D2943A88F71739E98C89633,,www.amazon.ca,Kindle E-reader,GN433X105136074M,4586210041,Personal Document,28500,7
2026-01-03T02:21:08Z,2026-01-03T02:21:13Z,78E7887F8D2943A88F71739E98C89633,,www.amazon.ca,Kindle E-reader,GN433X105136074M,4586210041,Personal Document,4900,2
2026-01-25T19:19:41Z,2026-01-25T19:22:09Z,076B6578B4384616B5880A1E8B7FFD1A,,www.amazon.ca,Kindle E-reader,GN433X105136074M,4586210041,Personal Document,148100,13
2026-02-21T09:39:26Z,2026-02-21T09:39:31Z,6D216F6E29B947A8804B74EC2651AF00,,www.amazon.ca,Kindle E-reader,GN433X105136074M,4586210041,Personal Document,4900,1
2026-02-04T21:25:05Z,2026-02-04T22:00:07Z,19B3E1A0C08D4F828A835CC0580C675E,,www.amazon.ca,Kindle E-reader,GN433X105136074M,4586210041,Personal Document,2102000,37
2026-02-01T08:23:11Z,2026-02-01T09:04:10Z,1A09B927E0C74FABBDF6B99408596102,,www.amazon.ca,Kindle E-reader,GN433X105136074M,4586210041,Personal Document,2459000,48
2026-02-01T06:50:57Z,2026-02-01T06:52:09Z,19B3E1A0C08D4F828A835CC0580C675E,,www.amazon.ca,Kindle E-reader,GN433X105136074M,4586210041,Personal Document,72400,3
2026-01-17T22:30:42Z,2026-01-17T22:56:34Z,847C8C95D06F4EC7A6E0439BA5EDA10C,,www.amazon.ca,Kindle E-reader,GN433X105136074M,4586210041,Personal Document,1551600,26
2026-02-08T06:08:37Z,2026-02-08T06:19:33Z,19B3E1A0C08D4F828A835CC0580C675E,,www.amazon.ca,Kindle E-reader,GN433X105136074M,4586210041,Personal Document,655900,14
